O74740	Accession
Q16540	Q16540
Q9LZ78	Q9LZ78
Q9VH70	Q9VH70
P38060	P38060
Q8NFH3	Q8NFH3
P32367	P32367
P27469	P27469
P52960	P52960
A0A078CGE6	A0A078CGE6
F4IF36	F4IF36
Q96NN9	Q96NN9
Q9NRW3	Q9NRW3
O82265	O82265
Q9SAK4	Q9SAK4
Q16236	Q16236
P55039	P55039
Q01163	Q01163
A0A509AQJ1	A0A509AQJ1
Q9P0N9	Q9P0N9
O04492	O04492
Q4VC33	Q4VC33
P12687	P12687
Q8NFH4	Q8NFH4
Q12156	Q12156
P38081	P38081
Q9ZQS5	Q9ZQS5
A2AUU0	A2AUU0
P01252	P01252
Q9Y586	Q9Y586
Q6NZF1	Q6NZF1
Q9UTR8	Q9UTR8
P42582	P42582
P80304	P80304
P53083	P53083
Q6R0H1	Q6R0H1
P40466	P40466
Q96BP2	Q96BP2
O95990	O95990
Q5T200	Q5T200
Q9FNJ9	Q9FNJ9
P0DXC1	P0DXC1
P27793	P27793
Q10655	Q10655
Q9M9U5	Q9M9U5
Q8LPU4	Q8LPU4
P17096	P17096
P38197	P38197
P39946	P39946
A4D126	A4D126
P40064	P40064
P52756	P52756
Q9VDE8	Q9VDE8
O95707	O95707
Q84MB5	Q84MB5
Q9UKJ5	Q9UKJ5
P38222	P38222
Q80WG5	Q80WG5
Q9H649	Q9H649
Q96SD1	Q96SD1
Q8VDY4	Q8VDY4
Q02046	Q02046
Q9LU05	Q9LU05
Q8L866	Q8L866
Q03373	Q03373
P42945	P42945
Q6EMB2	Q6EMB2
Q9WUM4	Q9WUM4
Q8GYJ3	Q8GYJ3
Q9BUB7	Q9BUB7
Q01295	Q01295
Q06525	Q06525
O82504	O82504
P32903	P32903
P90838	P90838
Q10331	Q10331
P38429	P38429
Q00653	Q00653
Q15365	Q15365
Q8I1X7	Q8I1X7
A7UL74	A7UL74
Q9HD23	Q9HD23
Q6S5G3	Q6S5G3
P36046	P36046
Q969Z0	Q969Z0
O82804	O82804
P30952	P30952
Q60610	Q60610
Q07307	Q07307
Q06364	Q06364
Q9Y803	Q9Y803
Q9M2N5	Q9M2N5
Q9P0Z9	Q9P0Z9
Q00381	Q00381
P70279	P70279
Q3U6Q4	Q3U6Q4
P39744	P39744
Q9HBH1	Q9HBH1
Q9FMV1	Q9FMV1
Q96LD4	Q96LD4
Q22197	Q22197
Q9JJD0	Q9JJD0
Q6YUX0	Q6YUX0
Q54QQ1	Q54QQ1
Q64GA5	Q64GA5
P92204	P92204
Q3KPK4	Q3KPK4
Q9SW33	Q9SW33
Q12339	Q12339
P53833	P53833
Q12445	Q12445
Q8LGH4	Q8LGH4
P11101	P11101
P47006	P47006
Q1K4P1	Q1K4P1
A0A974HZL0	A0A974HZL0
B8ZXI1	B8ZXI1
O15265	O15265
Q6K431	Q6K431
Q06330	Q06330
G1XJN1	G1XJN1
A0A509AKI1	A0A509AKI1
P23230	P23230
O13965	O13965
O43684	O43684
Q96Q15	Q96Q15
Q01532	Q01532
P53165	P53165
P51521	P51521
Q5XKP0	Q5XKP0
P50534	P50534
P97852	P97852
Q5EBL4	Q5EBL4
Q9SRY4	Q9SRY4
P47050	P47050
P49906	P49906
Q9FKS8	Q9FKS8
Q53S58	Q53S58
Q94AQ8	Q94AQ8
P27694	P27694
Q02773	Q02773
P81450	P81450
P26449	P26449
Q66PJ3	Q66PJ3
P24349	P24349
P25621	P25621
P39113	P39113
Q9Y5X3	Q9Y5X3
P40631	P40631
Q9W123	Q9W123
Q4WGE2	Q4WGE2
Q9NZJ0	Q9NZJ0
Q86VE9	Q86VE9
C0HLU2	C0HLU2
Q06629	Q06629
Q8N2H3	Q8N2H3
Q8N9I9	Q8N9I9
Q8VZQ4	Q8VZQ4
Q60700	Q60700
P38877	P38877
Q6ATB4	Q6ATB4
Q9SZ42	Q9SZ42
Q9C811	Q9C811
Q6NPM8	Q6NPM8
Q96N96	Q96N96
Q96ER3	Q96ER3
P40007	P40007
P34537	P34537
O23277	O23277
Q8W4I6	Q8W4I6
P59648	P59648
O82230	O82230
P53940	P53940
Q9C0E2	Q9C0E2
Q2HJJ1	Q2HJJ1
P53991	P53991
P58467	P58467
Q5KMX8	Q5KMX8
Q8MIR4	Q8MIR4
Q9W261	Q9W261
Q9UMW8	Q9UMW8
Q12754	Q12754
Q2LAE1	Q2LAE1
Q02637	Q02637
A8MTT3	A8MTT3
Q9FVV7	Q9FVV7
Q8VZS6	Q8VZS6
Q12236	Q12236
Q681Y3	Q681Y3
Q62187	Q62187
O80775	O80775
Q02772	Q02772
Q9NWT6	Q9NWT6
Q8L8T7	Q8L8T7
Q03406	Q03406
Q96SN7	Q96SN7
Q93Y52	Q93Y52
Q12320	Q12320
K4CWS6	K4CWS6
Q9H3L0	Q9H3L0
Q9LTK0	Q9LTK0
C0HM83	C0HM83
O43513	O43513
Q8TAC2	Q8TAC2
P57052	P57052
Q9USH6	Q9USH6
P52891	P52891
Q08645	Q08645
O95926	O95926
Q9HAU4	Q9HAU4
P53853	P53853
Q6NQK2	Q6NQK2
Q9STX3	Q9STX3
Q5HZJ0	Q5HZJ0
Q9BZR9	Q9BZR9
Q12056	Q12056
Q09761	Q09761
O95218	O95218
Q5PR68	Q5PR68
O13046	O13046
Q9S9N6	Q9S9N6
Q93YW0	Q93YW0
Q9VD44	Q9VD44
Q12493	Q12493
Q8IWY9	Q8IWY9
Q9SA52	Q9SA52
O14216	O14216
Q7TMA4	Q7TMA4
E5RQA1	E5RQA1
Q5QJE6	Q5QJE6
Q6P2E9	Q6P2E9
Q9M3C6	Q9M3C6
P53724	P53724
Q9BZZ5	Q9BZZ5
Q9XUK2	Q9XUK2
P32372	P32372
P12814	P12814
Q9U7C9	Q9U7C9
Q9FXH5	Q9FXH5
Q8I566	Q8I566
P87112	P87112
Q9ERA6	Q9ERA6
Q07845	Q07845
P58418	P58418
Q8TBZ0	Q8TBZ0
P29344	P29344
P42818	P42818
Q13564	Q13564
Q91YT0	Q91YT0
P33307	P33307
Q9SJH7	Q9SJH7
Q13029	Q13029
P54725	P54725
Q9HB07	Q9HB07
F4IAX1	F4IAX1
Q8K3G9	Q8K3G9
P38633	P38633
Q8VWF1	Q8VWF1
Q9DBD5	Q9DBD5
P54105	P54105
Q8CEG8	Q8CEG8
Q8INM3	Q8INM3
O13895	O13895
P40573	P40573
Q9LZA6	Q9LZA6
Q945M1	Q945M1
P55081	P55081
Q6UPE1	Q6UPE1
E9Q9M8	E9Q9M8
P52488	P52488
O22152	O22152
Q9ZV08	Q9ZV08
Q03750	Q03750
P0C2X8	P0C2X8
Q9USW9	Q9USW9
P38120	P38120
Q9C0U3	Q9C0U3
Q96RS6	Q96RS6
Q1G3I2	Q1G3I2
Q9SU50	Q9SU50
Q9LHE5	Q9LHE5
Q60714	Q60714
Q9P0W2	Q9P0W2
P49017	P49017
Q68G30	Q68G30
Q9USQ1	Q9USQ1
Q9FJ00	Q9FJ00
P47138	P47138
P34072	P34072
Q8LGU6	Q8LGU6
P02835	P02835
Q6P4R8	Q6P4R8
Q76FK4	Q76FK4
Q86US8	Q86US8
Q1XG89	Q1XG89
Q8C551	Q8C551
Q99278	Q99278
P23396	P23396
P36068	P36068
Q9SWA6	Q9SWA6
P25642	P25642
P53307	P53307
Q9SFB0	Q9SFB0
Q91YT8	Q91YT8
Q9FRL5	Q9FRL5
P78549	P78549
Q9LT47	Q9LT47
Q9NX46	Q9NX46
Q02241	Q02241
Q9XIA7	Q9XIA7
Q04401	Q04401
Q9UTQ7	Q9UTQ7
P29084	P29084
Q9SJG4	Q9SJG4
Q5QGS0	Q5QGS0
Q68CJ6	Q68CJ6
Q9SIV5	Q9SIV5
P23804	P23804
P43565	P43565
O60683	O60683
Q9QX74	Q9QX74
Q8BUE4	Q8BUE4
Q03825	Q03825
A0A1D8PN96	A0A1D8PN96
Q96TC7	Q96TC7
Q96QT6	Q96QT6
Q94BY9	Q94BY9
Q16514	Q16514
Q9SZR3	Q9SZR3
O75586	O75586
P78524	P78524
Q12089	Q12089
P49869	P49869
P43589	P43589
Q9SUT5	Q9SUT5
Q32MQ0	Q32MQ0
A2IDD5	A2IDD5
O75044	O75044
Q61069	Q61069
Q86YT5	Q86YT5
P41348	P41348
Q8BMD2	Q8BMD2
Q9C9W5	Q9C9W5
Q03246	Q03246
Q5SQP1	Q5SQP1
Q08831	Q08831
P42698	P42698
Q9Y6W3	Q9Y6W3
P17505	P17505
O44476	O44476
Q9LSQ5	Q9LSQ5
P82538	P82538
Q9VPT4	Q9VPT4
O94679	O94679
P51874	P51874
Q8WY91	Q8WY91
P78917	P78917
Q7Z7A4	Q7Z7A4
Q8NDV2	Q8NDV2
Q9VQD6	Q9VQD6
Q9CQH3	Q9CQH3
Q3LHL9	Q3LHL9
B1AZ99	B1AZ99
Q9UTE3	Q9UTE3
Q9HBM0	Q9HBM0
Q9P7Y0	Q9P7Y0
Q8NE62	Q8NE62
Q9NUL7	Q9NUL7
Q8GYF7	Q8GYF7
F4I3P9	F4I3P9
Q08561	Q08561
P23769	P23769
Q12874	Q12874
Q9Y3Y2	Q9Y3Y2
Q5KKP4	Q5KKP4
Q3TQ03	Q3TQ03
Q5GH67	Q5GH67
O70597	O70597
P23255	P23255
Q9GRZ3	Q9GRZ3
O94301	O94301
P13619	P13619
Q7K3D8	Q7K3D8
Q7Z591	Q7Z591
P06102	P06102
Q8C854	Q8C854
Q9BVC5	Q9BVC5
Q9FNQ0	Q9FNQ0
B3DMA2	B3DMA2
Q2V2Q1	Q2V2Q1
D3Z3K2	D3Z3K2
Q9C7S5	Q9C7S5
Q5VWZ2	Q5VWZ2
Q8N9M5	Q8N9M5
Q9P790	Q9P790
Q04728	Q04728
O42709	O42709
Q8WYQ3	Q8WYQ3
P36069	P36069
Q8VZS3	Q8VZS3
Q9LYG9	Q9LYG9
Q10317	Q10317
Q09330	Q09330
P32445	P32445
Q9UUA1	Q9UUA1
Q84XV2	Q84XV2
O00214	O00214
H9A1V3	H9A1V3
Q9ESJ7	Q9ESJ7
Q12383	Q12383
Q9Y5A7	Q9Y5A7
O88708	O88708
Q10308	Q10308
O74462	O74462
P25586	P25586
P13010	P13010
Q9VFS6	Q9VFS6
O14253	O14253
Q96LI6	Q96LI6
Q3U108	Q3U108
P35731	P35731
P82411	P82411
Q9M086	Q9M086
P40957	P40957
Q9C0W0	Q9C0W0
Q8N635	Q8N635
P21784	P21784
Q96375	Q96375
O60239	O60239
Q9NTZ6	Q9NTZ6
Q8VYL1	Q8VYL1
Q12242	Q12242
Q7Z7H3	Q7Z7H3
Q03200	Q03200
Q8W4L5	Q8W4L5
Q949J1	Q949J1
Q05900	Q05900
Q6ZVX9	Q6ZVX9
P43246	P43246
Q9FGM1	Q9FGM1
Q99627	Q99627
Q7TNG8	Q7TNG8
Q03036	Q03036
Q8H0V5	Q8H0V5
Q16822	Q16822
P31111	P31111
P0DJH6	P0DJH6
P13002	P13002
Q9C9L2	Q9C9L2
Q9UBQ5	Q9UBQ5
Q9LY75	Q9LY75
P91027	P91027
P80667	P80667
Q99ML1	Q99ML1
O94829	O94829
Q8NEG4	Q8NEG4
Q86UV5	Q86UV5
O55207	O55207
Q8C0R7	Q8C0R7
Q5TB30	Q5TB30
P19973	P19973
Q6ZWR6	Q6ZWR6
Q9SCJ9	Q9SCJ9
O95571	O95571
G5EDN3	G5EDN3
Q9GZN0	Q9GZN0
Q9EPK8	Q9EPK8
O23365	O23365
Q3E772	Q3E772
Q8QZY3	Q8QZY3
P61457	P61457
Q867X0	Q867X0
Q6QJ72	Q6QJ72
Q01667	Q01667
Q9NQZ6	Q9NQZ6
Q67UR2	Q67UR2
Q15319	Q15319
Q0WLC6	Q0WLC6
O75161	O75161
P53238	P53238
Q9FKM2	Q9FKM2
P16965	P16965
P0CX38	P0CX38
Q8LPL7	Q8LPL7
O24606	O24606
Q07395	Q07395
Q96RU3	Q96RU3
D4A2Y9	D4A2Y9
Q6NPN9	Q6NPN9
Q9H8M7	Q9H8M7
P53437	P53437
B1AL88	B1AL88
Q8NEZ5	Q8NEZ5
Q04031	Q04031
O76902	O76902
P32962	P32962
O62683	O62683
Q9Y3D5	Q9Y3D5
O15431	O15431
Q08422	Q08422
Q02749	Q02749
F4JHA2	F4JHA2
H3K2Y6	H3K2Y6
Q96247	Q96247
Q9BZE4	Q9BZE4
Q03164	Q03164
P33400	P33400
Q8LPS1	Q8LPS1
Q9P032	Q9P032
Q9FVX0	Q9FVX0
Q9CAQ2	Q9CAQ2
Q6ID70	Q6ID70
Q12923	Q12923
P32897	P32897
Q9NUQ6	Q9NUQ6
Q05201	Q05201
Q94A84	Q94A84
Q5HYK7	Q5HYK7
P02991	P02991
Q9NU22	Q9NU22
Q05583	Q05583
P25632	P25632
P08152	P08152
Q9UT55	Q9UT55
Q0WMY5	Q0WMY5
Q12192	Q12192
Q10362	Q10362
Q63472	Q63472
Q7X6P3	Q7X6P3
P21727	P21727
Q8BGD7	Q8BGD7
Q12033	Q12033
Q8W2F3	Q8W2F3
O81208	O81208
Q969S2	Q969S2
P50896	P50896
P32499	P32499
P40506	P40506
Q05860	Q05860
Q9UBJ2	Q9UBJ2
G5EGS7	G5EGS7
P51557	P51557
Q03219	Q03219
P78317	P78317
P49687	P49687
P34981	P34981
P54367	P54367
Q9P2P6	Q9P2P6
O49668	O49668
Q9UQC2	Q9UQC2
Q8AWF5	Q8AWF5
Q53TN4	Q53TN4
F4K6X0	F4K6X0
Q9NXE8	Q9NXE8
Q09826	Q09826
Q8R0N6	Q8R0N6
P40491	P40491
Q9Z0H3	Q9Z0H3
P36162	P36162
O14362	O14362
Q94AL8	Q94AL8
O13339	O13339
Q9LQ02	Q9LQ02
P36056	P36056
Q07458	Q07458
Q9ASY8	Q9ASY8
P23503	P23503
P41252	P41252
Q9FYT6	Q9FYT6
Q00947	Q00947
Q9UBH6	Q9UBH6
Q9UT76	Q9UT76
A2AG06	A2AG06
P53051	P53051
Q07436	Q07436
P53077	P53077
Q8TDG4	Q8TDG4
O96007	O96007
Q8W4J8	Q8W4J8
G5EEQ5	G5EEQ5
Q2QLV9	Q2QLV9
P53163	P53163
Q94BQ3	Q94BQ3
P39011	P39011
P32479	P32479
P12198	P12198
Q9BSH4	Q9BSH4
Q9FGX1	Q9FGX1
Q63ZY3	Q63ZY3
P36525	P36525
Q96M94	Q96M94
O43715	O43715
Q9UHA3	Q9UHA3
A2A259	A2A259
Q9NUQ9	Q9NUQ9
P46637	P46637
Q9BWK5	Q9BWK5
Q94JZ8	Q94JZ8
P57741	P57741
Q84LB6	Q84LB6
Q6DYE4	Q6DYE4
Q6P087	Q6P087
P12113	P12113
P18583	P18583
Q9M9X4	Q9M9X4
Q9Y2D8	Q9Y2D8
Q8RWZ6	Q8RWZ6
Q558Z2	Q558Z2
P03902	P03902
Q7K556	Q7K556
O60928	O60928
Q14D04	Q14D04
Q9VKD7	Q9VKD7
Q9NXR8	Q9NXR8
Q8N371	Q8N371
P18296	P18296
Q54XY4	Q54XY4
O15527	O15527
O04211	O04211
Q3E7Y6	Q3E7Y6
P25655	P25655
Q93VM9	Q93VM9
Q9SMS0	Q9SMS0
Q9ZPQ3	Q9ZPQ3
P48044	P48044
A2ADA5	A2ADA5
P35129	P35129
Q8I2S0	Q8I2S0
Q4PIR3	Q4PIR3
P55018	P55018
O14686	O14686
P03878	P03878
Q9C0Z8	Q9C0Z8
Q86XA0	Q86XA0
Q5F2E7	Q5F2E7
O14322	O14322
Q39709	Q39709
P21192	P21192
Q8R2Y0	Q8R2Y0
Q3E705	Q3E705
Q92759	Q92759
Q94AT3	Q94AT3
Q16533	Q16533
P33447	P33447
Q9ZVW2	Q9ZVW2
Q12035	Q12035
P43586	P43586
O94478	O94478
Q9Z286	Q9Z286
G5EG86	G5EG86
Q9SRH9	Q9SRH9
O59702	O59702
Q9H7E2	Q9H7E2
Q8WXI3	Q8WXI3
Q9NVV4	Q9NVV4
P38828	P38828
A0A2R8Y7D0	A0A2R8Y7D0
Q7L804	Q7L804
Q3E757	Q3E757
P34972	P34972
Q58A45	Q58A45
Q8L940	Q8L940
P38075	P38075
P32337	P32337
P10734	P10734
Q68E01	Q68E01
P25040	P25040
Q3B7D0	Q3B7D0
Q9QYK3	Q9QYK3
P53317	P53317
Q5XJV7	Q5XJV7
Q8R139	Q8R139
Q9BYB4	Q9BYB4
P17214	P17214
P53552	P53552
C0HLN0	C0HLN0
P35729	P35729
Q94KE2	Q94KE2
Q7KTX7	Q7KTX7
Q9M2V1	Q9M2V1
O94640	O94640
Q21952	Q21952
Q9VU86	Q9VU86
Q03713	Q03713
Q9BZE9	Q9BZE9
Q9SF47	Q9SF47
Q8W1Y3	Q8W1Y3
P36528	P36528
P51825	P51825
Q9VTZ2	Q9VTZ2
Q54ER9	Q54ER9
Q18885	Q18885
Q52K88	Q52K88
Q8MSU4	Q8MSU4
Q10585	Q10585
Q9USL4	Q9USL4
P0DKB9	P0DKB9
P32322	P32322
Q9CQX8	Q9CQX8
Q10272	Q10272
Q9LY00	Q9LY00
Q96JB3	Q96JB3
Q8H1Q1	Q8H1Q1
P53598	P53598
Q9Z0P7	Q9Z0P7
Q9UTC0	Q9UTC0
O14929	O14929
Q9C519	Q9C519
Q9SJM4	Q9SJM4
Q90Z72	Q90Z72
Q9UTQ8	Q9UTQ8
P22009	P22009
C7AJA4	C7AJA4
P53241	P53241
O78751	O78751
Q9FGS4	Q9FGS4
Q59NP1	Q59NP1
Q9V3V7	Q9V3V7
Q9Y7N0	Q9Y7N0
F1MA98	F1MA98
P53068	P53068
Q06630	Q06630
Q9M591	Q9M591
P11799	P11799
P38772	P38772
Q86BY9	Q86BY9
F4INA9	F4INA9
Q9SU14	Q9SU14
Q42843	Q42843
Q39214	Q39214
A0A0U2X0E4	A0A0U2X0E4
P00237	P00237
P40917	P40917
Q9C446	Q9C446
A8BFN4	A8BFN4
O94716	O94716
Q99MV7	Q99MV7
Q78J03	Q78J03
Q8BL03	Q8BL03
Q689G9	Q689G9
P00359	P00359
Q12050	Q12050
Q45VV3	Q45VV3
Q96AB3	Q96AB3
Q12182	Q12182
Q6ZPK0	Q6ZPK0
O42848	O42848
Q92945	Q92945
Q9NPF4	Q9NPF4
Q8L785	Q8L785
Q8NHU0	Q8NHU0
P36023	P36023
Q99933	Q99933
A0A1P8BH03	A0A1P8BH03
Q9VB46	Q9VB46
Q7S054	Q7S054
Q18711	Q18711
Q12090	Q12090
Q9BX63	Q9BX63
Q6PJG6	Q6PJG6
G5EDW1	G5EDW1
Q92843	Q92843
Q8IG69	Q8IG69
Q9Z1L1	Q9Z1L1
P21951	P21951
P40858	P40858
Q6DBR6	Q6DBR6
O74424	O74424
P62129	P62129
Q16891	Q16891
Q9NW15	Q9NW15
P38088	P38088
Q2RBP2	Q2RBP2
Q12440	Q12440
Q924L1	Q924L1
P61962	P61962
Q8QG92	Q8QG92
Q9S745	Q9S745
P35637	P35637
P38271	P38271
P09089	P09089
Q04431	Q04431
P53941	P53941
Q9VW27	Q9VW27
P10964	P10964
Q86XF0	Q86XF0
Q00416	Q00416
P0CG48	P0CG48
F4IW47	F4IW47
Q9NEZ5	Q9NEZ5
P08593	P08593
Q9UU76	Q9UU76
Q9XIK0	Q9XIK0
Q562A2	Q562A2
Q12366	Q12366
O22920	O22920
P42846	P42846
O74804	O74804
P07266	P07266
Q9FJK3	Q9FJK3
Q04048	Q04048
P00966	P00966
Q8WXF8	Q8WXF8
Q71BG9	Q71BG9
Q90Z80	Q90Z80
Q9FNN3	Q9FNN3
Q5EAW4	Q5EAW4
Q810M6	Q810M6
Q08096	Q08096
Q95Y80	Q95Y80
Q07913	Q07913
P34077	P34077
Q9CQF3	Q9CQF3
P39522	P39522
Q8N693	Q8N693
Q96AE7	Q96AE7
P53840	P53840
Q04437	Q04437
Q6GNV6	Q6GNV6
Q9BUI4	Q9BUI4
Q5ANE3	Q5ANE3
Q09969	Q09969
Q9ZU51	Q9ZU51
Q386F1	Q386F1
Q94K49	Q94K49
Q15637	Q15637
P53294	P53294
Q04003	Q04003
P79071	P79071
Q1RMW2	Q1RMW2
Q9Y4U1	Q9Y4U1
Q54ET6	Q54ET6
Q8VYI3	Q8VYI3
P32489	P32489
B2AFA8	B2AFA8
Q6ZN18	Q6ZN18
Q99NI4	Q99NI4
Q9CX92	Q9CX92
Q86WQ0	Q86WQ0
Q5U117	Q5U117
P32504	P32504
Q62733	Q62733
Q66K74	Q66K74
Q12158	Q12158
Q9NAN2	Q9NAN2
Q9LTR2	Q9LTR2
O94804	O94804
Q01649	Q01649
Q05519	Q05519
Q06625	Q06625
Q33DK1	Q33DK1
Q54EQ8	Q54EQ8
Q12305	Q12305
A0A0B5LB55	A0A0B5LB55
Q6YSY5	Q6YSY5
Q9JIQ3	Q9JIQ3
Q9US14	Q9US14
Q00278	Q00278
A6NK89	A6NK89
O14285	O14285
P84025	P84025
P28070	P28070
Q9NZP6	Q9NZP6
P22136	P22136
Q07623	Q07623
Q9VVR2	Q9VVR2
P07884	P07884
Q8IU60	Q8IU60
Q19614	Q19614
O00198	O00198
Q8LPQ9	Q8LPQ9
Q9JIH2	Q9JIH2
Q96MU7	Q96MU7
Q9ZVL6	Q9ZVL6
Q94527	Q94527
Q7XJM2	Q7XJM2
Q8CGA3	Q8CGA3
O70404	O70404
Q7TMF2	Q7TMF2
P11943	P11943
Q9NX58	Q9NX58
B6HLT9	B6HLT9
O75691	O75691
P40993	P40993
Q96HA9	Q96HA9
Q61425	Q61425
P20484	P20484
Q10210	Q10210
Q8LBB2	Q8LBB2
Q7SD06	Q7SD06
Q86MV5	Q86MV5
Q86MI0	Q86MI0
Q38859	Q38859
Q9Y6Y0	Q9Y6Y0
Q9UH77	Q9UH77
Q6DKI7	Q6DKI7
Q99321	Q99321
Q86MD3	Q86MD3
O08574	O08574
Q9FGT8	Q9FGT8
P78780	P78780
Q9BYD2	Q9BYD2
A1Z6W3	A1Z6W3
Q9M670	Q9M670
Q8H110	Q8H110
Q9FGN7	Q9FGN7
Q9LGE3	Q9LGE3
F4IV66	F4IV66
Q9Y2U8	Q9Y2U8
Q8CFC7	Q8CFC7
P47822	P47822
Q9BYC8	Q9BYC8
Q1W209	Q1W209
Q9M158	Q9M158
O88491	O88491
Q9HBW0	Q9HBW0
Q9FMS5	Q9FMS5
Q02457	Q02457
Q9VRJ0	Q9VRJ0
Q5XF06	Q5XF06
Q24562	Q24562
P50440	P50440
Q969G3	Q969G3
Q9H1E3	Q9H1E3
P38811	P38811
O82628	O82628
Q6YWF1	Q6YWF1
P35568	P35568
P08067	P08067
Q8L748	Q8L748
Q18807	Q18807
O95153	O95153
P56287	P56287
Q09260	Q09260
P38988	P38988
Q9LX14	Q9LX14
Q9UH99	Q9UH99
Q9C882	Q9C882
Q9VQ56	Q9VQ56
Q12181	Q12181
Q9VWC6	Q9VWC6
O75600	O75600
Q07979	Q07979
P22814	P22814
O15524	O15524
Q09669	Q09669
Q8NG31	Q8NG31
P28625	P28625
P21138	P21138
Q3E824	Q3E824
P22061	P22061
Q586F4	Q586F4
A0A125YYB5	A0A125YYB5
Q9HCU8	Q9HCU8
Q2VUH8	Q2VUH8
P19736	P19736
Q9D489	Q9D489
Q3U9N9	Q3U9N9
Q66GT5	Q66GT5
A6H8Y1	A6H8Y1
Q9S736	Q9S736
Q9SJW9	Q9SJW9
Q96SW2	Q96SW2
Q1K7P9	Q1K7P9
O22265	O22265
Q5RJ80	Q5RJ80
O88873	O88873
Q08417	Q08417
O74874	O74874
Q8WZ42	Q8WZ42
Q6LA42	Q6LA42
Q10200	Q10200
P25028	P25028
S7VVK4	S7VVK4
Q9Y5Q9	Q9Y5Q9
C6KSN4	C6KSN4
Q13569	Q13569
P09594	P09594
O43013	O43013
Q96E35	Q96E35
O54957	O54957
Q03330	Q03330
Q96HR8	Q96HR8
P63010	P63010
O94818	O94818
O35826	O35826
Q80X86	Q80X86
Q02732	Q02732
P32904	P32904
Q8VY16	Q8VY16
Q9VS05	Q9VS05
Q9Y7J2	Q9Y7J2
Q8R0S1	Q8R0S1
P42338	P42338
Q23045	Q23045
O95273	O95273
P38705	P38705
Q8LJT8	Q8LJT8
Q9Z1N1	Q9Z1N1
Q9LSW8	Q9LSW8
Q96HE9	Q96HE9
P83267	P83267
Q9QZS8	Q9QZS8
A1ZAK1	A1ZAK1
P05085	P05085
Q94BT6	Q94BT6
Q9BYI3	Q9BYI3
Q8BVN4	Q8BVN4
Q9VR17	Q9VR17
Q05175	Q05175
P14922	P14922
P23978	P23978
P82180	P82180
P54622	P54622
P48996	P48996
Q54KF1	Q54KF1
O20030	O20030
Q9LW57	Q9LW57
Q9W1F4	Q9W1F4
P31000	P31000
Q9NZB2	Q9NZB2
P39990	P39990
P11632	P11632
Q9NK54	Q9NK54
O96006	O96006
Q8GXF8	Q8GXF8
P10174	P10174
P25578	P25578
Q95QI7	Q95QI7
Q84LK0	Q84LK0
P0DKL0	P0DKL0
Q9M2Q6	Q9M2Q6
O17670	O17670
Q495M9	Q495M9
P17256	P17256
P38634	P38634
Q6ZY51	Q6ZY51
Q9C5Q8	Q9C5Q8
Q9VCP1	Q9VCP1
Q2MH31	Q2MH31
A2ASQ1	A2ASQ1
B6RAL1	B6RAL1
Q9P0S2	Q9P0S2
Q3ZBF9	Q3ZBF9
Q9VXE6	Q9VXE6
P48612	P48612
P38850	P38850
Q9XUS7	Q9XUS7
O76616	O76616
Q01964	Q01964
Q7RXU7	Q7RXU7
Q9LZW2	Q9LZW2
G5EC23	G5EC23
Q3V6T2	Q3V6T2
Q9UBD5	Q9UBD5
Q920R6	Q920R6
Q96QD9	Q96QD9
Q9FLL1	Q9FLL1
O22921	O22921
P27697	P27697
O74113	O74113
Q9P6M3	Q9P6M3
P40160	P40160
Q24143	Q24143
O43615	O43615
Q5SUQ9	Q5SUQ9
Q9H2D6	Q9H2D6
Q6AVI1	Q6AVI1
Q9UTH0	Q9UTH0
Q9U3F4	Q9U3F4
A0A075TRA9	A0A075TRA9
O46411	O46411
P47116	P47116
O08901	O08901
Q99MY0	Q99MY0
G5EEC5	G5EEC5
Q10340	Q10340
O77334	O77334
Q9BQ52	Q9BQ52
P61841	P61841
P17789	P17789
P53742	P53742
Q9LW26	Q9LW26
P53333	P53333
O94701	O94701
K9NVA6	K9NVA6
Q9SUA1	Q9SUA1
Q9DA19	Q9DA19
Q9SHE8	Q9SHE8
P36534	P36534
O94459	O94459
Q96BT3	Q96BT3
Q9UFW8	Q9UFW8
Q5TCS8	Q5TCS8
P47087	P47087
Q8R526	Q8R526
O60381	O60381
P39023	P39023
O81851	O81851
P46676	P46676
O74879	O74879
O13795	O13795
Q08235	Q08235
Q6PJP8	Q6PJP8
O54829	O54829
Q9VHB0	Q9VHB0
Q9WUF3	Q9WUF3
P30793	P30793
Q9SGE2	Q9SGE2
Q7XK25	Q7XK25
P47130	P47130
Q10341	Q10341
Q9SA98	Q9SA98
O43290	O43290
Q9UBC1	Q9UBC1
Q3U4H6	Q3U4H6
O45717	O45717
P84148	P84148
Q3U182	Q3U182
Q9Y266	Q9Y266
Q9M9L6	Q9M9L6
Q6R0G4	Q6R0G4
F4K410	F4K410
Q9Y3E7	Q9Y3E7
Q9UTL6	Q9UTL6
P53942	P53942
P36617	P36617
Q9NS69	Q9NS69
P53867	P53867
Q6P9F0	Q6P9F0
P40847	P40847
P0DO03	P0DO03
O74443	O74443
P53969	P53969
Q02825	Q02825
Q12072	Q12072
O35465	O35465
P10176	P10176
Q9WV78	Q9WV78
Q9UTQ4	Q9UTQ4
P61960	P61960
Q9FJW6	Q9FJW6
Q9HFE6	Q9HFE6
Q96AY2	Q96AY2
O94276	O94276
P43594	P43594
P40475	P40475
P52923	P52923
Q8R5G7	Q8R5G7
O13915	O13915
O14044	O14044
Q09349	Q09349
Q96IU4	Q96IU4
B5X582	B5X582
Q5TEU4	Q5TEU4
Q6PFQ7	Q6PFQ7
Q3E7B2	Q3E7B2
Q8C8M1	Q8C8M1
O13801	O13801
Q9LG05	Q9LG05
Q5VT06	Q5VT06
Q04116	Q04116
P25372	P25372
P49922	P49922
Q12363	Q12363
Q7KHG2	Q7KHG2
Q42876	Q42876
Q9D219	Q9D219
P14737	P14737
Q8NI27	Q8NI27
P55853	P55853
O13855	O13855
Q9M9V6	Q9M9V6
Q80UP5	Q80UP5
Q08753	Q08753
P62875	P62875
P39535	P39535
Q10271	Q10271
Q9GQN5	Q9GQN5
Q8RY59	Q8RY59
Q9CWE0	Q9CWE0
P22141	P22141
Q8W104	Q8W104
Q7L4E1	Q7L4E1
Q384Y1	Q384Y1
E9PVX6	E9PVX6
Q8IY42	Q8IY42
P32796	P32796
A7UWX2	A7UWX2
P36114	P36114
P24278	P24278
Q07950	Q07950
P97813	P97813
P30876	P30876
Q12045	Q12045
Q10424	Q10424
O60182	O60182
Q12309	Q12309
P55160	P55160
Q9VFW4	Q9VFW4
P61982	P61982
Q18533	Q18533
Q01519	Q01519
Q7Z4G1	Q7Z4G1
Q8RXD9	Q8RXD9
Q9H9F9	Q9H9F9
Q4FX73	Q4FX73
P39769	P39769
Q9UTM0	Q9UTM0
Q921N8	Q921N8
O15554	O15554
P61372	P61372
Q9EPN1	Q9EPN1
O43052	O43052
P53217	P53217
O01965	O01965
F4IHS2	F4IHS2
Q8NBS3	Q8NBS3
Q13123	Q13123
Q91VH1	Q91VH1
Q3ZC04	Q3ZC04
Q9EPL8	Q9EPL8
P18496	P18496
A0A437AGY2	A0A437AGY2
Q9LU85	Q9LU85
O15743	O15743
P40205	P40205
Q04177	Q04177
Q8N0T1	Q8N0T1
C0HM53	C0HM53
Q9W1X4	Q9W1X4
Q96D96	Q96D96
O70572	O70572
Q15744	Q15744
O02274	O02274
Q5WRN1	Q5WRN1
A0A571BE98	A0A571BE98
P33301	P33301
Q9MAB9	Q9MAB9
Q04370	Q04370
Q9UK76	Q9UK76
Q9H211	Q9H211
Q5VTE6	Q5VTE6
Q64279	Q64279
O14776	O14776
A0A1B0GSN8	A0A1B0GSN8
Q8K3W3	Q8K3W3
Q8L774	Q8L774
P82349	P82349
Q9NS37	Q9NS37
Q9SV15	Q9SV15
Q86TG1	Q86TG1
B8B0E2	B8B0E2
Q9HE07	Q9HE07
Q9H611	Q9H611
Q6ZJM9	Q6ZJM9
Q8R000	Q8R000
P97480	P97480
Q26457	Q26457
P18480	P18480
B7Z0L8	B7Z0L8
Q94521	Q94521
P47171	P47171
Q93034	Q93034
Q42512	Q42512
Q9LTT3	Q9LTT3
Q03761	Q03761
Q12368	Q12368
G5EBH1	G5EBH1
Q9BPX6	Q9BPX6
Q5JRX3	Q5JRX3
P35194	P35194
P87174	P87174
F4J264	F4J264
P07274	P07274
P53166	P53166
Q84ST4	Q84ST4
Q14159	Q14159
Q07352	Q07352
Q21776	Q21776
Q6PI48	Q6PI48
Q94230	Q94230
Q9C107	Q9C107
P33240	P33240
Q7M3M8	Q7M3M8
Q9YHY6	Q9YHY6
Q66L44	Q66L44
Q9UT50	Q9UT50
S8F527	S8F527
Q9NY87	Q9NY87
Q16637	Q16637
O74986	O74986
Q9R1T5	Q9R1T5
P10662	P10662
O77932	O77932
P40362	P40362
P83949	P83949
Q8N9N5	Q8N9N5
Q20929	Q20929
Q9NWZ8	Q9NWZ8
P41138	P41138
Q03220	Q03220
Q9M5P3	Q9M5P3
O75592	O75592
O42924	O42924
Q8VWJ1	Q8VWJ1
Q9ZUX4	Q9ZUX4
Q5TYM5	Q5TYM5
Q8IZ08	Q8IZ08
Q08746	Q08746
Q8N292	Q8N292
Q8N1G1	Q8N1G1
A4GSN8	A4GSN8
Q4AE62	Q4AE62
Q8NC24	Q8NC24
Q92353	Q92353
Q9SYK4	Q9SYK4
O59773	O59773
Q6P9B9	Q6P9B9
Q9SU91	Q9SU91
Q53H12	Q53H12
Q8BGW8	Q8BGW8
Q05917	Q05917
O64759	O64759
Q9CAY1	Q9CAY1
O74778	O74778
Q9UDY8	Q9UDY8
Q02629	Q02629
Q7Z614	Q7Z614
A0A286YD83	A0A286YD83
Q03067	Q03067
Q9H1Z4	Q9H1Z4
P24867	P24867
P56182	P56182
P51808	P51808
Q9USR4	Q9USR4
Q8TDU6	Q8TDU6
P98081	P98081
Q571I4	Q571I4
Q9LMT7	Q9LMT7
Q7TQK0	Q7TQK0
Q9UST7	Q9UST7
G5EFT5	G5EFT5
Q257B3	Q257B3
O95600	O95600
Q6UWS5	Q6UWS5
Q7ZT01	Q7ZT01
P13164	P13164
Q9NZ09	Q9NZ09
Q9NP77	Q9NP77
O74405	O74405
O80386	O80386
Q811I0	Q811I0
P40508	P40508
Q8IXQ9	Q8IXQ9
Q9VKJ3	Q9VKJ3
F4IUY8	F4IUY8
B2GV50	B2GV50
P41933	P41933
P40493	P40493
Q8NI37	Q8NI37
Q9C5W3	Q9C5W3
B4FUP5	B4FUP5
Q20497	Q20497
P51864	P51864
Q96DE0	Q96DE0
P30997	P30997
Q95QW4	Q95QW4
Q8WZ33	Q8WZ33
Q23590	Q23590
Q8CD54	Q8CD54
Q1K5R0	Q1K5R0
Q8IUG5	Q8IUG5
P17427	P17427
Q6I9Y2	Q6I9Y2
Q8TAD8	Q8TAD8
Q9CQ69	Q9CQ69
Q9SJ12	Q9SJ12
P48629	P48629
Q9Y7U4	Q9Y7U4
P81451	P81451
O77389	O77389
Q10222	Q10222
P49573	P49573
Q8GTR4	Q8GTR4
P53734	P53734
Q9R1C0	Q9R1C0
Q8BYM8	Q8BYM8
P39735	P39735
P53927	P53927
Q14432	Q14432
Q9CXV9	Q9CXV9
A1L188	A1L188
P39964	P39964
Q9FG37	Q9FG37
A0A1D5PRR9	A0A1D5PRR9
B0XTT5	B0XTT5
O13709	O13709
Q9SHJ5	Q9SHJ5
O14279	O14279
Q9VJV8	Q9VJV8
Q99257	Q99257
O35710	O35710
Q09776	Q09776
Q8LC79	Q8LC79
Q8L4R0	Q8L4R0
Q9WUB9	Q9WUB9
Q9USW5	Q9USW5
Q9CQZ6	Q9CQZ6
Q9Y7Q7	Q9Y7Q7
Q9NS23	Q9NS23
A2SWM2	A2SWM2
Q06680	Q06680
Q9N4U5	Q9N4U5
P20240	P20240
Q12082	Q12082
Q14AF1	Q14AF1
O94617	O94617
Q8VDL9	Q8VDL9
Q56XM9	Q56XM9
Q8N5C7	Q8N5C7
Q13185	Q13185
Q9NH52	Q9NH52
Q45EK2	Q45EK2
Q03673	Q03673
Q10571	Q10571
Q0E671	Q0E671
Q8K136	Q8K136
P39015	P39015
Q62100	Q62100
Q9SG11	Q9SG11
E9P8D2	E9P8D2
Q10412	Q10412
Q9P275	Q9P275
Q9Z1T5	Q9Z1T5
O23166	O23166
Q8NB91	Q8NB91
Q18PE0	Q18PE0
Q96QE5	Q96QE5
O15417	O15417
Q99567	Q99567
P18263	P18263
Q9BWN1	Q9BWN1
Q04447	Q04447
Q06164	Q06164
Q6UEG8	Q6UEG8
Q9JI13	Q9JI13
Q8N2Y8	Q8N2Y8
O74771	O74771
P12268	P12268
Q9LS08	Q9LS08
Q9H3S7	Q9H3S7
Q04172	Q04172
Q86TB3	Q86TB3
Q20733	Q20733
Q07837	Q07837
Q06616	Q06616
P27882	P27882
Q99848	Q99848
P09956	P09956
Q7XA66	Q7XA66
Q08760	Q08760
P36877	P36877
Q8BIG4	Q8BIG4
Q22663	Q22663
P34474	P34474
Q9VP22	Q9VP22
C0HLF1	C0HLF1
P33419	P33419
Q8IZF0	Q8IZF0
O13816	O13816
Q9NSG2	Q9NSG2
Q9M0V3	Q9M0V3
Q8SUG7	Q8SUG7
P36112	P36112
Q8LBM2	Q8LBM2
P78929	P78929
Q9D992	Q9D992
O61766	O61766
P53369	P53369
P53292	P53292
P28320	P28320
Q9JJR2	Q9JJR2
P82922	P82922
O48533	O48533
P40541	P40541
Q59RW5	Q59RW5
Q9UGU0	Q9UGU0
Q9BT92	Q9BT92
Q12467	Q12467
Q08157	Q08157
O35095	O35095
Q9Y6X3	Q9Y6X3
E9Q3G8	E9Q3G8
Q03935	Q03935
Q84VQ1	Q84VQ1
Q9LQF2	Q9LQF2
P43587	P43587
Q22799	Q22799
Q7K4M4	Q7K4M4
P53899	P53899
Q05CL8	Q05CL8
Q96529	Q96529
P40477	P40477
Q8RY71	Q8RY71
F4HS99	F4HS99
Q69Z66	Q69Z66
Q5LJZ2	Q5LJZ2
Q3E756	Q3E756
Q39002	Q39002
O35678	O35678
O94289	O94289
Q8L733	Q8L733
O09111	O09111
P36131	P36131
P10849	P10849
Q94A03	Q94A03
O82357	O82357
Q12513	Q12513
Q04599	Q04599
Q96AP4	Q96AP4
P38873	P38873
Q8H103	Q8H103
P40169	P40169
O94444	O94444
Q8LE98	Q8LE98
Q66JW3	Q66JW3
C4R2L0	C4R2L0
P53955	P53955
Q6IR42	Q6IR42
Q5ND52	Q5ND52
Q86MA2	Q86MA2
Q55GF9	Q55GF9
D3ZUA0	D3ZUA0
Q96JP5	Q96JP5
Q99615	Q99615
Q07243	Q07243
Q6IPU0	Q6IPU0
P79083	P79083
Q04996	Q04996
Q9Y4X0	Q9Y4X0
Q96P70	Q96P70
Q9VWW0	Q9VWW0
A0AVK6	A0AVK6
Q9QYJ6	Q9QYJ6
Q8H443	Q8H443
P63002	P63002
B5DFK7	B5DFK7
Q96P11	Q96P11
Q9ESV1	Q9ESV1
Q12252	Q12252
P07249	P07249
Q5A287	Q5A287
Q96PX9	Q96PX9
Q7TSS2	Q7TSS2
P23965	P23965
Q9W539	Q9W539
Q08977	Q08977
Q8WUM0	Q8WUM0
O14246	O14246
Q9SZL8	Q9SZL8
Q9JHL0	Q9JHL0
Q06488	Q06488
Q96RY5	Q96RY5
P82403	P82403
Q03151	Q03151
Q96262	Q96262
P42775	P42775
F4IS91	F4IS91
P25042	P25042
Q75RY2	Q75RY2
P11638	P11638
Q8IX21	Q8IX21
P97868	P97868
Q64267	Q64267
Q9GZT6	Q9GZT6
Q96JN0	Q96JN0
Q10423	Q10423
Q96TL7	Q96TL7
Q03790	Q03790
Q8BG15	Q8BG15
Q9UPR3	Q9UPR3
Q63398	Q63398
Q9LFV6	Q9LFV6
P0DO11	P0DO11
O15111	O15111
Q96E14	Q96E14
Q04013	Q04013
Q08202	Q08202
Q9LXF3	Q9LXF3
P13653	P13653
O93308	O93308
O60504	O60504
P33339	P33339
Q8BWQ5	Q8BWQ5
P56192	P56192
Q14451	Q14451
Q9BXY8	Q9BXY8
Q9WVC7	Q9WVC7
Q6GLP4	Q6GLP4
P91082	P91082
Q9H9S0	Q9H9S0
Q84V03	Q84V03
Q5XV40	Q5XV40
Q9EPA0	Q9EPA0
Q9BT49	Q9BT49
Q9XTB5	Q9XTB5
Q9FHI1	Q9FHI1
P17486	P17486
P09364	P09364
Q93YQ3	Q93YQ3
P51175	P51175
Q8TDT2	Q8TDT2
B3DH96	B3DH96
Q9BZJ4	Q9BZJ4
P08433	P08433
Q9SQI3	Q9SQI3
P32876	P32876
C6EUD4	C6EUD4
P21691	P21691
E9Q236	E9Q236
Q9WV31	Q9WV31
Q8R456	Q8R456
Q9BYX4	Q9BYX4
O05000	O05000
P07270	P07270
Q96D46	Q96D46
Q8K440	Q8K440
Q96HI0	Q96HI0
Q9Y7U7	Q9Y7U7
O94279	O94279
Q9BV20	Q9BV20
O94708	O94708
P57678	P57678
P82649	P82649
Q02685	Q02685
Q9UGI0	Q9UGI0
Q9LY14	Q9LY14
Q5T440	Q5T440
P46984	P46984
P38632	P38632
Q92585	Q92585
P54654	P54654
P26370	P26370
P30902	P30902
Q92878	Q92878
P31385	P31385
O75821	O75821
P39013	P39013
Q93Y07	Q93Y07
O14275	O14275
Q9LV14	Q9LV14
Q9SN74	Q9SN74
P25992	P25992
Q02770	Q02770
Q8BGJ9	Q8BGJ9
P05764	P05764
Q9US26	Q9US26
Q99K82	Q99K82
P41546	P41546
J9VJ62	J9VJ62
Q9NRA8	Q9NRA8
P19954	P19954
Q9Y7X8	Q9Y7X8
Q9BYC2	Q9BYC2
Q9LW29	Q9LW29
P21651	P21651
A1Z7A8	A1Z7A8
P83876	P83876
P06701	P06701
Q9XIM0	Q9XIM0
Q05635	Q05635
P89105	P89105
O14131	O14131
Q8WSR2	Q8WSR2
F4IGZ2	F4IGZ2
Q9Y6A4	Q9Y6A4
Q15650	Q15650
Q07896	Q07896
P56329	P56329
Q8BH86	Q8BH86
O74944	O74944
P39927	P39927
O64750	O64750
O94670	O94670
P43266	P43266
Q0WPZ7	Q0WPZ7
Q5T3J3	Q5T3J3
Q0J0G7	Q0J0G7
Q53KK6	Q53KK6
Q86B87	Q86B87
Q9HB96	Q9HB96
Q9UK73	Q9UK73
P48987	P48987
P46963	P46963
O14948	O14948
M4IQQ5	M4IQQ5
Q6Q4H1	Q6Q4H1
Q9NXV2	Q9NXV2
Q9UTR1	Q9UTR1
O94782	O94782
Q6PCQ0	Q6PCQ0
F4KDN0	F4KDN0
Q8K4H1	Q8K4H1
F4JW79	F4JW79
Q3UIU2	Q3UIU2
Q14669	Q14669
Q8LBP4	Q8LBP4
B2CW77	B2CW77
Q9Y6X4	Q9Y6X4
Q96UP3	Q96UP3
Q09668	Q09668
Q9LQU4	Q9LQU4
Q8LL04	Q8LL04
Q9UNS2	Q9UNS2
Q9ER69	Q9ER69
O35284	O35284
Q03798	Q03798
Q8TBR7	Q8TBR7
Q386M3	Q386M3
Q3UCQ1	Q3UCQ1
Q96301	Q96301
Q96NR3	Q96NR3
Q9JL56	Q9JL56
Q9LUJ3	Q9LUJ3
P53769	P53769
Q9HEQ9	Q9HEQ9
P87054	P87054
Q9Y3A0	Q9Y3A0
Q6P1I6	Q6P1I6
Q9NRN9	Q9NRN9
A1XBS5	A1XBS5
A5A6S6	A5A6S6
O14141	O14141
Q3UHA3	Q3UHA3
P50402	P50402
P97855	P97855
P47119	P47119
Q7JXA8	Q7JXA8
Q04637	Q04637
Q9LEX1	Q9LEX1
Q8LPR8	Q8LPR8
Q96QU8	Q96QU8
F4JCU0	F4JCU0
P25615	P25615
O23492	O23492
Q09094	Q09094
Q59LY1	Q59LY1
O74848	O74848
Q14146	Q14146
P0CB49	P0CB49
Q9EQN3	Q9EQN3
Q1RNF8	Q1RNF8
Q99583	Q99583
P38439	P38439
Q8K2F0	Q8K2F0
