Q12396	accession	organism	kingdom	protein_length	cleavage_position	tm_helix_first_90
P33577	P33577	Petromyzon marinus	Metazoa	119	19.0	
Q13421	Q13421	Homo sapiens	Metazoa	622	36.0	
P22894	P22894	Homo sapiens	Metazoa	467	20.0	
Q9NQ34	Q9NQ34	Homo sapiens	Metazoa	198	33.0	
Q43413	Q43413	Capsicum annuum	Plants	75	27.0	
Q06KA5	Q06KA5	Phlebotomus duboscqi	Metazoa	142	20.0	
P00760	P00760	Bos taurus	Metazoa	246	17.0	
P0DQE1	P0DQE1	Scolopendra dehaani	Metazoa	109	23.0	
P13385	P13385	Homo sapiens	Metazoa	188	30.0	
Q6UX39	Q6UX39	Homo sapiens	Metazoa	209	16.0	
Q09140	Q09140	Schizosaccharomyces pombe (strain 972 / ATCC 24843)	Fungi	1448	18.0	
P82818	P82818	Bombyx mori	Metazoa	66	24.0	
P26010	P26010	Homo sapiens	Metazoa	798	19.0	
P14770	P14770	Homo sapiens	Metazoa	177	16.0	
Q9SLP4	Q9SLP4	Tulipa saxatilis subsp. bakeri	Plants	314	26.0	
P08582	P08582	Homo sapiens	Metazoa	738	19.0	
Q90WJ7	Q90WJ7	Takifugu pardalis	Metazoa	391	20.0	
Q06K61	Q06K61	Phlebotomus duboscqi	Metazoa	516	20.0	
Q91XZ4	Q91XZ4	Mus musculus	Metazoa	772	28.0	
P18181	P18181	Mus musculus	Metazoa	240	22.0	
Q63191	Q63191	Rattus norvegicus	Metazoa	1216	21.0	
P10493	P10493	Mus musculus	Metazoa	1245	28.0	
Q76FP5	Q76FP5	Hypocrea rufa	Fungi	479	20.0	
P41543	P41543	Saccharomyces cerevisiae (strain ATCC 204508 / S288c)	Fungi	476	22.0	
P27654	P27654	Saccharomyces cerevisiae (strain ATCC 204508 / S288c)	Fungi	210	19.0	
Q7TQN3	Q7TQN3	Mus musculus	Metazoa	571	29.0	
P09464	P09464	Pieris brassicae	Metazoa	189	15.0	
Q9P2K2	Q9P2K2	Homo sapiens	Metazoa	825	27.0	
O55232	O55232	Rattus norvegicus	Metazoa	130	32.0	
Q99519	Q99519	Homo sapiens	Metazoa	415	47.0	
Q99969	Q99969	Homo sapiens	Metazoa	163	20.0	
O95157	O95157	Homo sapiens	Metazoa	252	22.0	
P22412	P22412	Sus scrofa	Metazoa	409	16.0	
Q9P0V8	Q9P0V8	Homo sapiens	Metazoa	285	22.0	
P19069	P19069	Cavia porcellus	Metazoa	1742	19.0	
P79208	P79208	Ovis aries	Metazoa	603	16.0	
P25236	P25236	Rattus norvegicus	Metazoa	385	19.0	
P0CS93	P0CS93	Gibberella zeae	Fungi	680	24.0	
Q9LXD6	Q9LXD6	Arabidopsis thaliana	Plants	773	23.0	
P02654	P02654	Homo sapiens	Metazoa	83	26.0	
P02763	P02763	Homo sapiens	Metazoa	201	18.0	
P01215	P01215	Homo sapiens	Metazoa	116	24.0	
Q9H6E4	Q9H6E4	Homo sapiens	Metazoa	229	22.0	
Q95UE8	Q95UE8	Lucilia cuprina	Metazoa	220	19.0	
P02672	P02672	Bos taurus	Metazoa	615	19.0	
P86009	P86009	Dromaius novaehollandiae	Metazoa	238	17.0	
P13806	P13806	Oryctolagus cuniculus	Metazoa	1106	26.0	
Q9HB40	Q9HB40	Homo sapiens	Metazoa	452	26.0	
Q9BZW8	Q9BZW8	Homo sapiens	Metazoa	370	21.0	
Q9GZZ8	Q9GZZ8	Homo sapiens	Metazoa	138	19.0	
Q7Z5L0	Q7Z5L0	Homo sapiens	Metazoa	202	24.0	
Q9NYY1	Q9NYY1	Homo sapiens	Metazoa	176	24.0	
Q61789	Q61789	Mus musculus	Metazoa	3330	31.0	
P52798	P52798	Homo sapiens	Metazoa	201	25.0	
O60931	O60931	Homo sapiens	Metazoa	367	22.0	
P11021	P11021	Homo sapiens	Metazoa	654	18.0	
P11839	P11839	Ovis aries	Metazoa	222	15.0	
Q6XE38	Q6XE38	Homo sapiens	Metazoa	83	21.0	
O43291	O43291	Homo sapiens	Metazoa	252	27.0	
P06911	P06911	Rattus norvegicus	Metazoa	188	19.0	
P32803	P32803	Saccharomyces cerevisiae (strain ATCC 204508 / S288c)	Fungi	203	20.0	
Q9Y6C2	Q9Y6C2	Homo sapiens	Metazoa	1016	21.0	
Q8WPJ2	Q8WPJ2	Mytilus edulis	Metazoa	367	17.0	
Q3Y5Z3	Q3Y5Z3	Bos taurus	Metazoa	240	17.0	
P20740	P20740	Gallus gallus	Metazoa	1473	36.0	
Q8NBN3	Q8NBN3	Homo sapiens	Metazoa	555	21.0	
P42578	P42578	Lymnaea stagnalis	Metazoa	239	18.0	
Q96F46	Q96F46	Homo sapiens	Metazoa	866	32.0	
Q16568	Q16568	Homo sapiens	Metazoa	116	27.0	
P38574	P38574	Bos taurus	Metazoa	287	18.0	
P08069	P08069	Homo sapiens	Metazoa	1367	30.0	
Q8MMH3	Q8MMH3	Pimpla hypochondriaca	Metazoa	488	19.0	
P04925	P04925	Mus musculus	Metazoa	254	22.0	
Q50KB1	Q50KB1	Emiliania huxleyi	Other	223	17.0	
O88917	O88917	Rattus norvegicus	Metazoa	1515	24.0	
A2VBC4	A2VBC4	Polybia paulista	Metazoa	322	18.0	
Q5GQ85	Q5GQ85	Argas reflexus	Metazoa	159	16.0	
O18998	O18998	Oryctolagus cuniculus	Metazoa	281	21.0	
P01588	P01588	Homo sapiens	Metazoa	193	27.0	
O18994	O18994	Sus scrofa	Metazoa	219	21.0	
Q55GS3	Q55GS3	Dictyostelium discoideum	Other	607	19.0	
P24807	P24807	Mus musculus	Metazoa	76	26.0	
Q99467	Q99467	Homo sapiens	Metazoa	661	23.0	
B4FZ87	B4FZ87	Zea mays	Plants	396	31.0	
Q99372	Q99372	Rattus norvegicus	Metazoa	870	27.0	
P14209	P14209	Homo sapiens	Metazoa	185	22.0	
Q9LJD9	Q9LJD9	Arabidopsis thaliana	Plants	60	27.0	
P04062	P04062	Homo sapiens	Metazoa	536	39.0	
P01189	P01189	Homo sapiens	Metazoa	267	26.0	
P19425	P19425	Aedes aegypti	Metazoa	97	19.0	
P38570	P38570	Homo sapiens	Metazoa	1179	18.0	
Q96KN2	Q96KN2	Homo sapiens	Metazoa	507	25.0	
P01038	P01038	Gallus gallus	Metazoa	139	23.0	
B1P0S1	B1P0S1	Pseudopleuronectes americanus	Metazoa	218	23.0	
P05059	P05059	Bos taurus	Metazoa	449	18.0	
P20062	P20062	Homo sapiens	Metazoa	427	18.0	
Q8J0D2	Q8J0D2	Geotrichum sp. (strain M128)	Fungi	812	23.0	
P07596	P07596	Hordeum vulgare	Plants	203	22.0	
P01348	P01348	Sus scrofa	Metazoa	182	24.0	
Q6DWK3	Q6DWK3	Colletotrichum lindemuthianum	Fungi	248	26.0	
Q27972	Q27972	Bos taurus	Metazoa	361	24.0	
O64411	O64411	Zea mays	Plants	500	28.0	
O76537	O76537	Trichoplusia ni	Metazoa	182	16.0	
P04706	P04706	Zea mays	Plants	223	19.0	
Q9GZX6	Q9GZX6	Homo sapiens	Metazoa	179	33.0	
P09791	P09791	Trypanosoma brucei brucei	Other	129	27.0	
O95813	O95813	Homo sapiens	Metazoa	267	17.0	
P14214	P14214	Tachypleus tridentatus	Metazoa	77	23.0	
P34170	P34170	Bombyx mori	Metazoa	160	20.0	
Q4WZ11	Q4WZ11	Aspergillus fumigatus (strain ATCC MYA-4609 / CBS 101355 / FGSC A1100 / Af293)	Fungi	87	19.0	
P40259	P40259	Homo sapiens	Metazoa	229	28.0	
Q05928	Q05928	Mus musculus	Metazoa	177	31.0	
Q25255	Q25255	Lucilia cuprina	Metazoa	356	23.0	
I6S7I0	I6S7I0	Scolopendra mutilans	Metazoa	64	18.0	
P05164	P05164	Homo sapiens	Metazoa	745	48.0	
P55955	P55955	Caenorhabditis elegans	Metazoa	132	19.0	
P25033	P25033	Hyalophora cecropia	Metazoa	413	19.0	
Q6QX33	Q6QX33	Bothrops insularis	Metazoa	158	23.0	
Q12127	Q12127	Saccharomyces cerevisiae (strain ATCC 204508 / S288c)	Fungi	133	18.0	
Q13445	Q13445	Homo sapiens	Metazoa	227	23.0	
P03998	P03998	Limulus polyphemus	Metazoa	195	20.0	
Q07092	Q07092	Homo sapiens	Metazoa	1604	21.0	
P81264	P81264	Bos taurus	Metazoa	98	22.0	
P01177	P01177	Sus scrofa	Metazoa	125	19.0	
Q95460	Q95460	Homo sapiens	Metazoa	341	22.0	
P17697	P17697	Bos taurus	Metazoa	439	19.0	
Q6UX27	Q6UX27	Homo sapiens	Metazoa	236	16.0	
Q9H5V8	Q9H5V8	Homo sapiens	Metazoa	836	29.0	
Q12546	Q12546	Aspergillus ficuum	Fungi	614	22.0	
P33559	P33559	Aspergillus kawachii (strain NBRC 4308)	Fungi	327	25.0	
P19667	P19667	Molineria latifolia	Plants	158	22.0	
P43121	P43121	Homo sapiens	Metazoa	646	23.0	
Q6T6C1	Q6T6C1	Theromyzon tessulatum	Metazoa	107	21.0	
Q9NR61	Q9NR61	Homo sapiens	Metazoa	685	26.0	
P17301	P17301	Homo sapiens	Metazoa	1181	29.0	
I6S7G5	I6S7G5	Scolopendra mutilans	Metazoa	84	16.0	
Q7KRU8	Q7KRU8	Drosophila melanogaster	Metazoa	205	19.0	
A0A0R4I951	A0A0R4I951	Scolopendra dehaani	Metazoa	70	23.0	
Q9HBE5	Q9HBE5	Homo sapiens	Metazoa	538	19.0	
Q8T9R8	Q8T9R8	Stomoxys calcitrans	Metazoa	67	24.0	
P25116	P25116	Homo sapiens	Metazoa	425	21.0	
Q8I817	Q8I817	Aplysia californica	Metazoa	88	19.0	
Q29422	Q29422	Ovis aries	Metazoa	333	20.0	
P16235	P16235	Rattus norvegicus	Metazoa	700	26.0	
P0DUQ6	P0DUQ6	Conus planorbis	Metazoa	70	21.0	
Q02596	Q02596	Mus musculus	Metazoa	151	19.0	
P05533	P05533	Mus musculus	Metazoa	134	26.0	
P46165	P46165	Bos taurus	Metazoa	62	22.0	
Q05091	Q05091	Pyrus communis	Plants	330	24.0	
Q75N35	Q75N35	Dioscorea polystachya	Plants	272	25.0	
A6XMY0	A6XMY0	Hyas araneus	Metazoa	64	25.0	
P13725	P13725	Homo sapiens	Metazoa	252	25.0	
P35053	P35053	Rattus norvegicus	Metazoa	558	23.0	
Q94733	Q94733	Rhodnius prolixus	Metazoa	202	23.0	
Q0IQK9	Q0IQK9	Oryza sativa subsp. japonica	Plants	116	25.0	
P35777	P35777	Solenopsis invicta	Metazoa	137	19.0	
Q2ULM2	Q2ULM2	Aspergillus oryzae (strain ATCC 42149 / RIB 40)	Fungi	496	16.0	
A0A023W145	A0A023W145	Ethmostigmus rubripes	Metazoa	88	24.0	
P27773	P27773	Mus musculus	Metazoa	505	24.0	
O95866	O95866	Homo sapiens	Metazoa	241	17.0	
Q9NPG1	Q9NPG1	Homo sapiens	Metazoa	666	22.0	
P12992	P12992	Heliothis virescens	Metazoa	564	19.0	
Q8MVA6	Q8MVA6	Ixodes scapularis	Metazoa	69	23.0	
P62520	P62520	Chilobrachys guangxiensis	Metazoa	63	27.0	
Q8WMP9	Q8WMP9	Bos taurus	Metazoa	407	29.0	
Q9ZWA9	Q9ZWA9	Arabidopsis thaliana	Plants	451	25.0	
P15358	P15358	Haementeria officinalis	Metazoa	136	17.0	
P32802	P32802	Saccharomyces cerevisiae (strain ATCC 204508 / S288c)	Fungi	667	22.0	
A0A2I8B346	A0A2I8B346	Paralithodes camtschaticus	Metazoa	62	23.0	
Q8TCT8	Q8TCT8	Homo sapiens	Metazoa	520	25.0	
P48765	P48765	Bos taurus	Metazoa	970	32.0	
Q8T0Y7	Q8T0Y7	Aplysia californica	Metazoa	141	26.0	
Q8MP06	Q8MP06	Tyria jacobaeae	Metazoa	456	22.0	
P56201	P56201	Oryctolagus cuniculus	Metazoa	797	24.0	
A0A0F7YYX3	A0A0F7YYX3	Conus victoriae	Metazoa	196	25.0	
Q02083	Q02083	Homo sapiens	Metazoa	359	28.0	
G8YYA6	G8YYA6	Androctonus amoreuxi	Metazoa	74	22.0	
Q27082	Q27082	Tachypleus tridentatus	Metazoa	673	19.0	
G9M8X1	G9M8X1	Nephotettix cincticeps	Metazoa	687	19.0	
P36511	P36511	Rattus norvegicus	Metazoa	530	23.0	
B0XT72	B0XT72	Aspergillus fumigatus (strain CBS 144.89 / FGSC A1163 / CEA10)	Fungi	452	19.0	
P07602	P07602	Homo sapiens	Metazoa	524	16.0	
Q5JNJ5	Q5JNJ5	Oryza sativa subsp. japonica	Plants	237	28.0	
Q5D710	Q5D710	Scylla serrata	Metazoa	126	24.0	
Q8WWA0	Q8WWA0	Homo sapiens	Metazoa	313	18.0	
Q92765	Q92765	Homo sapiens	Metazoa	325	32.0	
Q9NRC9	Q9NRC9	Homo sapiens	Metazoa	128	17.0	
P19035	P19035	Bos taurus	Metazoa	96	23.0	
Q92956	Q92956	Homo sapiens	Metazoa	283	38.0	
P84843	P84843	Hybomitra bimaculata	Metazoa	76	20.0	
Q9GV28	Q9GV28	Bombyx mori	Metazoa	433	16.0	
P85261	P85261	Actinidia chinensis var. chinensis	Plants	213	24.0	
P09230	P09230	Yarrowia lipolytica (strain CLIB 122 / E 150)	Fungi	454	15.0	
P67875	P67875	Aspergillus fumigatus (strain ATCC MYA-4609 / CBS 101355 / FGSC A1100 / Af293)	Fungi	176	27.0	
P02774	P02774	Homo sapiens	Metazoa	474	16.0	
Q02795	Q02795	Saccharomyces cerevisiae (strain ATCC 204508 / S288c)	Fungi	286	19.0	
B0CPC6	B0CPC6	Laccaria bicolor (strain S238N-H82 / ATCC MYA-4686)	Fungi	206	21.0	
Q9Y5Q6	Q9Y5Q6	Homo sapiens	Metazoa	135	22.0	
Q6UW56	Q6UW56	Homo sapiens	Metazoa	229	30.0	
Q15465	Q15465	Homo sapiens	Metazoa	462	23.0	
O02839	O02839	Sus scrofa	Metazoa	363	44.0	
Q4W1I9	Q4W1I9	Zinnia elegans	Plants	321	30.0	
P24259	P24259	Sus scrofa	Metazoa	150	24.0	
P41271	P41271	Homo sapiens	Metazoa	181	16.0	
P49256	P49256	Canis lupus familiaris	Metazoa	356	44.0	
Q6IUU3	Q6IUU3	Rattus norvegicus	Metazoa	750	32.0	
A9UGV5	A9UGV5	Oryza sativa subsp. japonica	Plants	68	30.0	
P05067	P05067	Homo sapiens	Metazoa	770	17.0	
P34115	P34115	Dictyostelium discoideum	Other	730	20.0	
P30919	P30919	Rattus norvegicus	Metazoa	345	23.0	
P15467	P15467	Bos taurus	Metazoa	147	28.0	
Q9Z0K8	Q9Z0K8	Mus musculus	Metazoa	512	23.0	
Q8NBI3	Q8NBI3	Homo sapiens	Metazoa	349	25.0	
Q96LA5	Q96LA5	Homo sapiens	Metazoa	508	19.0	
Q84V39	Q84V39	Olea europaea	Plants	123	21.0	
Q02747	Q02747	Homo sapiens	Metazoa	115	21.0	
P53366	P53366	Sus scrofa	Metazoa	188	21.0	
Q9NPR2	Q9NPR2	Homo sapiens	Metazoa	837	43.0	
Q945U0	Q945U0	Phytophthora sojae	Other	257	28.0	
Q8WP90	Q8WP90	Solenopsis invicta	Metazoa	153	19.0	
P0DL40	P0DL40	Vespa magnifica	Metazoa	67	21.0	
P02659	P02659	Gallus gallus	Metazoa	106	24.0	
P55057	P55057	Oryctolagus cuniculus	Metazoa	124	27.0	
P24821	P24821	Homo sapiens	Metazoa	2201	22.0	
Q8HYA9	Q8HYA9	Sus scrofa	Metazoa	185	20.0	
P20774	P20774	Homo sapiens	Metazoa	298	20.0	
Q96X54	Q96X54	Aspergillus awamori	Fungi	628	25.0	
P18510	P18510	Homo sapiens	Metazoa	177	25.0	
P07994	P07994	Bos taurus	Metazoa	360	17.0	
Q96BY9	Q96BY9	Homo sapiens	Metazoa	339	30.0	
E0X9F6	E0X9F6	Thaumetopoea pityocampa	Metazoa	126	18.0	
P0C1X6	P0C1X6	Tityus discrepans	Metazoa	62	26.0	
P16382	P16382	Mus musculus	Metazoa	810	25.0	
Q8BSU2	Q8BSU2	Mus musculus	Metazoa	246	26.0	
P12820	P12820	Bos taurus	Metazoa	1306	28.0	
Q8GT41	Q8GT41	Platanus acerifolia	Plants	179	23.0	
Q6UWI2	Q6UWI2	Homo sapiens	Metazoa	310	20.0	
P16882	P16882	Mus musculus	Metazoa	650	24.0	
Q03405	Q03405	Homo sapiens	Metazoa	335	22.0	
P12273	P12273	Homo sapiens	Metazoa	146	28.0	
Q8NI17	Q8NI17	Homo sapiens	Metazoa	732	19.0	
Q13145	Q13145	Homo sapiens	Metazoa	260	20.0	
P49125	P49125	Latrodectus tredecimguttatus	Metazoa	88	18.0	
Q9C5S0	Q9C5S0	Arabidopsis thaliana	Plants	191	20.0	
O59896	O59896	Pycnoporus cinnabarinus	Fungi	518	21.0	
Q86SC0	Q86SC0	Oryctes rhinoceros	Metazoa	66	26.0	
P51688	P51688	Homo sapiens	Metazoa	502	20.0	
Q99MA2	Q99MA2	Rattus norvegicus	Metazoa	674	22.0	
O15455	O15455	Homo sapiens	Metazoa	904	23.0	
Q16552	Q16552	Homo sapiens	Metazoa	155	23.0	
Q86LE5	Q86LE5	Rhipicephalus microplus	Metazoa	110	20.0	
Q8NBP7	Q8NBP7	Homo sapiens	Metazoa	692	30.0	
Q9C9G4	Q9C9G4	Arabidopsis thaliana	Plants	290	27.0	
Q8N6C8	Q8N6C8	Homo sapiens	Metazoa	439	23.0	
P08505	P08505	Mus musculus	Metazoa	211	24.0	
P10762	P10762	Locusta migratoria	Metazoa	179	16.0	
C7G3K3	C7G3K3	Liocheles australasiae	Metazoa	80	21.0	
Q9R1T7	Q9R1T7	Rattus norvegicus	Metazoa	200	20.0	
P29060	P29060	Nicotiana tabacum	Plants	291	22.0	
Q9UK23	Q9UK23	Homo sapiens	Metazoa	515	25.0	
Q05895	Q05895	Mus musculus	Metazoa	956	21.0	
P67970	P67970	Gallus gallus	Metazoa	107	24.0	
P55000	P55000	Homo sapiens	Metazoa	103	22.0	
Q3L1D1	Q3L1D1	Agaricus bisporus	Fungi	594	25.0	
Q96FE7	Q96FE7	Homo sapiens	Metazoa	263	21.0	
P97535	P97535	Rattus norvegicus	Metazoa	456	24.0	
O60602	O60602	Homo sapiens	Metazoa	858	20.0	
Q8T0W8	Q8T0W8	Gastrophysa atrocyanea	Metazoa	65	24.0	
P00651	P00651	Aspergillus oryzae (strain ATCC 42149 / RIB 40)	Fungi	130	26.0	
P42098	P42098	Sus scrofa	Metazoa	421	22.0	
P02701	P02701	Gallus gallus	Metazoa	152	24.0	
Q7Z5A7	Q7Z5A7	Homo sapiens	Metazoa	132	43.0	
P06681	P06681	Homo sapiens	Metazoa	752	20.0	
Q8T0W1	Q8T0W1	Pimpla hypochondriaca	Metazoa	115	22.0	
A4LAR6	A4LAR6	Grifola frondosa	Fungi	107	24.0	
P10619	P10619	Homo sapiens	Metazoa	480	28.0	
Q06K77	Q06K77	Phlebotomus duboscqi	Metazoa	336	21.0	
P47001	P47001	Saccharomyces cerevisiae (strain ATCC 204508 / S288c)	Fungi	227	21.0	
Q1HAY7	Q1HAY7	Holotrichia diomphalia	Metazoa	317	23.0	
P63153	P63153	Sus scrofa	Metazoa	146	23.0	
P80356	P80356	Avena sativa	Plants	220	19.0	
O46162	O46162	Schistocerca gregaria	Metazoa	92	19.0	
Q9U943	Q9U943	Locusta migratoria	Metazoa	3380	21.0	
B0FHH8	B0FHH8	Manduca sexta	Metazoa	151	18.0	
P59665	P59665	Homo sapiens	Metazoa	94	19.0	
P15261	P15261	Mus musculus	Metazoa	477	25.0	
P42705	P42705	Canis lupus familiaris	Metazoa	352	23.0	
Q7M3V1	Q7M3V1	Chelonus sp. nr. curvimaculatus	Metazoa	246	20.0	
Q6UWV2	Q6UWV2	Homo sapiens	Metazoa	235	31.0	
P09619	P09619	Homo sapiens	Metazoa	1106	32.0	
Q7Z0T3	Q7Z0T3	Aplysia californica	Metazoa	125	22.0	
P05186	P05186	Homo sapiens	Metazoa	524	17.0	
P48747	P48747	Oryctolagus cuniculus	Metazoa	557	21.0	
Q99MG7	Q99MG7	Mesocricetus auratus	Metazoa	172	16.0	
P12314	P12314	Homo sapiens	Metazoa	374	15.0	
P15018	P15018	Homo sapiens	Metazoa	202	22.0	
O76076	O76076	Homo sapiens	Metazoa	250	23.0	
P20068	P20068	Rattus norvegicus	Metazoa	169	22.0	
P22388	P22388	Rattus norvegicus	Metazoa	202	25.0	
P04552	P04552	Haliotis rufescens	Metazoa	154	18.0	
P04275	P04275	Homo sapiens	Metazoa	2813	22.0	
P55774	P55774	Homo sapiens	Metazoa	89	20.0	
Q8T0W3	Q8T0W3	Pimpla hypochondriaca	Metazoa	63	25.0	
O08795	O08795	Mus musculus	Metazoa	521	14.0	
P18658	P18658	Macaca fascicularis	Metazoa	101	22.0	
O14786	O14786	Homo sapiens	Metazoa	923	21.0	
Q9UKY0	Q9UKY0	Homo sapiens	Metazoa	176	25.0	
P0CX78	P0CX78	Saccharomyces cerevisiae (strain ATCC 204508 / S288c)	Fungi	362	25.0	
Q9BX93	Q9BX93	Homo sapiens	Metazoa	195	19.0	
P68248	P68248	Gallus gallus	Metazoa	80	25.0	
Q10E50	Q10E50	Oryza sativa subsp. japonica	Plants	163	43.0	
Q9LRC8	Q9LRC8	Scutellaria baicalensis	Plants	527	25.0	
P58154	P58154	Lymnaea stagnalis	Metazoa	229	19.0	
Q6UW10	Q6UW10	Homo sapiens	Metazoa	78	19.0	
P06865	P06865	Homo sapiens	Metazoa	529	22.0	
O70280	O70280	Rattus norvegicus	Metazoa	212	26.0	
Q59XX2	Q59XX2	Candida albicans (strain SC5314 / ATCC MYA-2876)	Fungi	378	32.0	
Q8MJV4	Q8MJV4	Bos taurus	Metazoa	122	24.0	
P20333	P20333	Homo sapiens	Metazoa	461	22.0	
Q70SU7	Q70SU7	Salvelinus alpinus	Metazoa	342	19.0	
Q6UWL6	Q6UWL6	Homo sapiens	Metazoa	708	20.0	
L8BRS3	L8BRS3	Morus alba	Plants	209	18.0	
Q8TC27	Q8TC27	Homo sapiens	Metazoa	787	16.0	
P28088	P28088	Bos taurus	Metazoa	441	26.0	
P45590	P45590	Hyalophora cecropia	Metazoa	129	17.0	
Q9U8X3	Q9U8X3	Tachypleus tridentatus	Metazoa	67	23.0	
Q8WML4	Q8WML4	Bos taurus	Metazoa	580	22.0	
Q61508	Q61508	Mus musculus	Metazoa	559	19.0	
Q9NTU7	Q9NTU7	Homo sapiens	Metazoa	201	27.0	
Q01151	Q01151	Homo sapiens	Metazoa	205	19.0	
P07141	P07141	Mus musculus	Metazoa	552	32.0	
Q9NAX4	Q9NAX4	Dictyostelium discoideum	Other	464	17.0	
A0A0F7YZQ7	A0A0F7YZQ7	Conus victoriae	Metazoa	100	24.0	
P02780	P02780	Rattus norvegicus	Metazoa	95	18.0	
P82103	P82103	Mytilus galloprovincialis	Metazoa	96	20.0	
P60568	P60568	Homo sapiens	Metazoa	153	20.0	
O95711	O95711	Homo sapiens	Metazoa	162	20.0	
Q8I7X1	Q8I7X1	Porcellio scaber	Metazoa	145	21.0	
P82358	P82358	Acanthoscurria gomesiana	Metazoa	84	23.0	
P07359	P07359	Homo sapiens	Metazoa	652	16.0	
D3Z9M3	D3Z9M3	Rattus norvegicus	Metazoa	109	16.0	
Q6Z232	Q6Z232	Oryza sativa subsp. japonica	Plants	146	42.0	
Q55U20	Q55U20	Cryptococcus deneoformans (strain B-3501A)	Fungi	458	51.0	
O01949	O01949	Aedes aegypti	Metazoa	273	19.0	
P81999	P81999	Canis lupus familiaris	Metazoa	358	22.0	
Q29381	Q29381	Sus scrofa	Metazoa	439	25.0	
P14925	P14925	Rattus norvegicus	Metazoa	976	25.0	
P01076	P01076	Solanum lycopersicum	Plants	77	32.0	
P05113	P05113	Homo sapiens	Metazoa	134	19.0	
P21956	P21956	Mus musculus	Metazoa	463	22.0	
Q8TD06	Q8TD06	Homo sapiens	Metazoa	166	21.0	
P01048	P01048	Rattus norvegicus	Metazoa	430	18.0	
P81827	P81827	Rattus norvegicus	Metazoa	101	21.0	
Q15582	Q15582	Homo sapiens	Metazoa	683	23.0	
P10124	P10124	Homo sapiens	Metazoa	158	27.0	
O62644	O62644	Bos taurus	Metazoa	151	18.0	
Q8TDQ1	Q8TDQ1	Homo sapiens	Metazoa	290	19.0	
H6U1I8	H6U1I8	Tanacetum cinerariifolium	Plants	365	27.0	
Q7ZZN8	Q7ZZN8	Naja atra	Metazoa	238	19.0	
O96910	O96910	Aplysia californica	Metazoa	76	18.0	
P28825	P28825	Mus musculus	Metazoa	747	20.0	
C0HLA0	C0HLA0	Chamaecyparis obtusa	Plants	556	28.0	
P0DUT0	P0DUT0	Doratifera vulnerans	Metazoa	46	19.0	
P98066	P98066	Homo sapiens	Metazoa	277	17.0	
O02380	O02380	Tyrophagus putrescentiae	Metazoa	141	15.0	
Q9Y279	Q9Y279	Homo sapiens	Metazoa	399	19.0	
Q07654	Q07654	Homo sapiens	Metazoa	80	21.0	
P08514	P08514	Homo sapiens	Metazoa	1039	31.0	
P11717	P11717	Homo sapiens	Metazoa	2491	40.0	
P16150	P16150	Homo sapiens	Metazoa	400	19.0	
Q5F0I3	Q5F0I3	Gynostemma pentaphyllum	Plants	300	23.0	
Q9NRR1	Q9NRR1	Homo sapiens	Metazoa	136	22.0	
P35331	P35331	Gallus gallus	Metazoa	1284	24.0	
P15309	P15309	Homo sapiens	Metazoa	386	32.0	
P86872	P86872	Margaritifera margaritifera	Metazoa	260	19.0	
P01174	P01174	Rattus norvegicus	Metazoa	137	19.0	
Q63345	Q63345	Rattus norvegicus	Metazoa	245	27.0	
P80686	P80686	Tenebrio molitor	Metazoa	211	16.0	
Q15399	Q15399	Homo sapiens	Metazoa	786	24.0	
Q63415	Q63415	Rattus norvegicus	Metazoa	937	45.0	
A0A5C2A2T2	A0A5C2A2T2	Conus purpurascens	Metazoa	178	24.0	
Q9V496	Q9V496	Drosophila melanogaster	Metazoa	3351	25.0	
P83472	P83472	Lumbricus terrestris	Metazoa	86	22.0	
Q7SZI7	Q7SZI7	Xenopus laevis	Metazoa	1219	22.0	
P20507	P20507	Chlamydomonas reinhardtii	Plants	377	20.0	
P16611	P16611	Sus scrofa	Metazoa	293	27.0	
P31096	P31096	Bos taurus	Metazoa	278	16.0	
P29794	P29794	Canis lupus familiaris	Metazoa	180	20.0	
P33681	P33681	Homo sapiens	Metazoa	288	34.0	
P19594	P19594	Glycine max	Plants	158	21.0	
O00105	O00105	Aspergillus niger	Fungi	564	19.0	
A7L035	A7L035	Chironex fleckeri	Metazoa	456	20.0	
P30659	P30659	Lutzomyia longipalpis	Metazoa	86	23.0	
P82290	P82290	Anopheles gambiae	Metazoa	58	23.0	
Q15768	Q15768	Homo sapiens	Metazoa	340	27.0	
Q25055	Q25055	Holotrichia diomphalia	Metazoa	104	20.0	
A7VN15	A7VN15	Protobothrops flavoviridis	Metazoa	79	19.0	
Q6J4Q1	Q6J4Q1	Apis mellifera	Metazoa	683	21.0	
Q00293	Q00293	Aspergillus tubingensis	Fungi	435	22.0	
P06332	P06332	Mus musculus	Metazoa	457	26.0	
P86798	P86798	Cupiennius salei	Metazoa	140	19.0	
O96935	O96935	Plasmodium falciparum (isolate 3D7)	Other	1085	30.0	
Q96BF3	Q96BF3	Homo sapiens	Metazoa	282	22.0	
P01591	P01591	Homo sapiens	Metazoa	159	22.0	
Q8LG54	Q8LG54	Arabidopsis thaliana	Plants	130	21.0	
Q9PVW8	Q9PVW8	Silurus asotus	Metazoa	308	23.0	
P02662	P02662	Bos taurus	Metazoa	214	15.0	
G5EC68	G5EC68	Caenorhabditis elegans	Metazoa	85	17.0	
P02652	P02652	Homo sapiens	Metazoa	100	18.0	
Q8LD43	Q8LD43	Arabidopsis thaliana	Plants	62	22.0	
O14791	O14791	Homo sapiens	Metazoa	398	27.0	
P01131	P01131	Bos taurus	Metazoa	845	21.0	
P08236	P08236	Homo sapiens	Metazoa	651	22.0	
F2QXM5	F2QXM5	Komagataella phaffii (strain ATCC 76273 / CBS 7435 / CECT 11047 / NRRL Y-11430 / Wegner 21-1)	Fungi	587	19.0	
P61312	P61312	Rattus norvegicus	Metazoa	146	25.0	
P26842	P26842	Homo sapiens	Metazoa	260	19.0	
U6BLZ9	U6BLZ9	Penicillium canescens	Fungi	463	26.0	
P01068	P01068	Ananas comosus	Plants	246	19.0	
Q95JC9	Q95JC9	Sus scrofa	Metazoa	676	16.0	
Q96HE7	Q96HE7	Homo sapiens	Metazoa	468	23.0	
P13671	P13671	Homo sapiens	Metazoa	934	21.0	
D4A540	D4A540	Rattus norvegicus	Metazoa	148	31.0	
Q6UWI4	Q6UWI4	Homo sapiens	Metazoa	295	33.0	
Q8S2W4	Q8S2W4	Arabidopsis thaliana	Plants	61	22.0	
P17813	P17813	Homo sapiens	Metazoa	658	25.0	
Q9UIK5	Q9UIK5	Homo sapiens	Metazoa	374	40.0	
P49921	P49921	Sus scrofa	Metazoa	91	23.0	
O75629	O75629	Homo sapiens	Metazoa	220	31.0	
P28770	P28770	Oncorhynchus mykiss	Metazoa	221	21.0	
Q4V4I9	Q4V4I9	Drosophila melanogaster	Metazoa	182	22.0	
Q9MYV1	Q9MYV1	Canis lupus familiaris	Metazoa	128	25.0	
P26006	P26006	Homo sapiens	Metazoa	1051	32.0	
Q968Z6	Q968Z6	Dictyostelium discoideum	Other	557	19.0	
Q8MUP7	Q8MUP7	Ixodes scapularis	Metazoa	102	21.0	
P01721	P01721	Homo sapiens	Metazoa	117	19.0	
P10562	P10562	Canavalia gladiata	Plants	445	26.0	
A0A482A9N4	A0A482A9N4	Talaromyces verruculosus	Fungi	328	21.0	
Q5G8A6	Q5G8A6	Tityus costatus	Metazoa	87	19.0	
P16159	P16159	Triticum aestivum	Plants	143	24.0	
Q00193	Q00193	Oryctolagus cuniculus	Metazoa	540	24.0	
Q86YD3	Q86YD3	Homo sapiens	Metazoa	366	26.0	
P01364	P01364	Aplysia californica	Metazoa	108	23.0	
Q06703	Q06703	Saccharomyces cerevisiae (strain ATCC 204508 / S288c)	Fungi	312	44.0	
P23631	P23631	Latrodectus tredecimguttatus	Metazoa	1401	20.0	
P13611	P13611	Homo sapiens	Metazoa	3396	20.0	
K9N4Q4	K9N4Q4	Phlebotomus papatasi	Metazoa	246	23.0	
Q20224	Q20224	Caenorhabditis elegans	Metazoa	161	19.0	
Q6UX46	Q6UX46	Homo sapiens	Metazoa	152	24.0	
Q13433	Q13433	Homo sapiens	Metazoa	755	28.0	
Q39649	Q39649	Cucurbita maxima	Plants	141	22.0	
P0DMD3	P0DMD3	Scolopendra mutilans	Metazoa	105	21.0	
Q6UX41	Q6UX41	Homo sapiens	Metazoa	500	17.0	
P17164	P17164	Rattus norvegicus	Metazoa	462	28.0	
O35701	O35701	Mus musculus	Metazoa	481	27.0	
P49767	P49767	Homo sapiens	Metazoa	419	31.0	
P81054	P81054	Grifola frondosa	Fungi	348	18.0	
Q9Y2I2	Q9Y2I2	Homo sapiens	Metazoa	539	28.0	
Q9GL30	Q9GL30	Bos taurus	Metazoa	545	35.0	
P00724	P00724	Saccharomyces cerevisiae (strain ATCC 204508 / S288c)	Fungi	532	19.0	
Q86Y34	Q86Y34	Homo sapiens	Metazoa	549	20.0	
Q7YZS9	Q7YZS9	Conus virgo	Metazoa	67	26.0	
G4V4F9	G4V4F9	Cupiennius salei	Metazoa	97	19.0	
Q9VG55	Q9VG55	Drosophila melanogaster	Metazoa	191	24.0	
Q9H293	Q9H293	Homo sapiens	Metazoa	177	32.0	
Q9LLT1	Q9LLT1	Juniperus virginiana	Plants	367	21.0	
Q56S59	Q56S59	Nicotiana tabacum	Plants	150	23.0	
Q9UBN6	Q9UBN6	Homo sapiens	Metazoa	386	55.0	
P02462	P02462	Homo sapiens	Metazoa	1669	27.0	
P00992	P00992	Vipera ammodytes ammodytes	Metazoa	93	24.0	
P36980	P36980	Homo sapiens	Metazoa	270	18.0	
Q9GQV7	Q9GQV7	Aedes aegypti	Metazoa	128	22.0	
P0DUS5	P0DUS5	Doratifera vulnerans	Metazoa	57	24.0	
Q8H8C7	Q8H8C7	Oryza sativa subsp. japonica	Plants	356	28.0	
A8CL69	A8CL69	Apis mellifera	Metazoa	195	33.0	
Q40975	Q40975	Papaver rhoeas	Plants	139	19.0	
P80961	P80961	Myoxocephalus octodecemspinosus	Metazoa	128	20.0	
P0DPV1	P0DPV1	Scolopendra dehaani	Metazoa	97	23.0	
Q8X150	Q8X150	Gaeumannomyces tritici	Fungi	618	16.0	
P85197	P85197	Lonomia obliqua	Metazoa	180	16.0	
P28335	P28335	Homo sapiens	Metazoa	458	32.0	
Q62867	Q62867	Rattus norvegicus	Metazoa	317	24.0	
Q09117	Q09117	Populus deltoides	Plants	312	24.0	
Q86T13	Q86T13	Homo sapiens	Metazoa	490	21.0	
A0A2I6QB00	A0A2I6QB00	Trametes coccinea (strain BRFM310)	Fungi	418	18.0	
P00719	P00719	Struthio camelus	Metazoa	204	19.0	
Q9Z0M9	Q9Z0M9	Mus musculus	Metazoa	193	28.0	
P06727	P06727	Homo sapiens	Metazoa	396	20.0	
Q6E0U4	Q6E0U4	Homo sapiens	Metazoa	476	21.0	
Q86Y78	Q86Y78	Homo sapiens	Metazoa	171	22.0	
Q8TAL6	Q8TAL6	Homo sapiens	Metazoa	211	18.0	
Q6UX52	Q6UX52	Homo sapiens	Metazoa	265	20.0	
P52706	P52706	Prunus serotina	Plants	563	27.0	
Q03472	Q03472	Sus scrofa	Metazoa	202	28.0	
Q8WUJ3	Q8WUJ3	Homo sapiens	Metazoa	1361	30.0	
Q9UAH3	Q9UAH3	Pinctada fucata	Metazoa	129	23.0	
Q09332	Q09332	Drosophila melanogaster	Metazoa	1548	22.0	
P09479	P09479	Gallus gallus	Metazoa	456	20.0	
P35859	P35859	Rattus norvegicus	Metazoa	603	23.0	
P01226	P01226	Equus caballus	Metazoa	129	18.0	
Q9NS68	Q9NS68	Homo sapiens	Metazoa	423	29.0	
O62605	O62605	Galleria mellonella	Metazoa	218	16.0	
O00206	O00206	Homo sapiens	Metazoa	839	23.0	
P12729	P12729	Dictyostelium discoideum	Other	168	19.0	
P02808	P02808	Homo sapiens	Metazoa	62	19.0	
Q9NSA1	Q9NSA1	Homo sapiens	Metazoa	209	28.0	
P30986	P30986	Eschscholzia californica	Plants	538	23.0	
Q26994	Q26994	Toxoplasma gondii	Other	179	17.0	
P03971	P03971	Homo sapiens	Metazoa	560	24.0	
P10820	P10820	Mus musculus	Metazoa	554	20.0	
Q8W257	Q8W257	Ptilota filicina	Other	500	21.0	
Q96S96	Q96S96	Homo sapiens	Metazoa	227	22.0	
Q90ZY0	Q90ZY0	Pseudopleuronectes americanus	Metazoa	68	22.0	
Q09098	Q09098	Mus musculus	Metazoa	99	23.0	
P60153	P60153	Homo sapiens	Metazoa	205	26.0	
Q13231	Q13231	Homo sapiens	Metazoa	466	21.0	
Q86WA6	Q86WA6	Homo sapiens	Metazoa	291	37.0	
Q5EPH2	Q5EPH2	Rhipicephalus bursa	Metazoa	97	22.0	
P25404	P25404	Mirabilis jalapa	Plants	63	27.0	
Q92563	Q92563	Homo sapiens	Metazoa	424	22.0	
P02466	P02466	Rattus norvegicus	Metazoa	1372	22.0	
P20013	P20013	Trametes versicolor	Fungi	372	26.0	
K9L4P7	K9L4P7	Penicillium chrysogenum	Fungi	604	18.0	
Q9JMI7	Q9JMI7	Mus musculus	Metazoa	250	25.0	
P83313	P83313	Opistophthalmus carinatus	Metazoa	82	22.0	
I1SB12	I1SB12	Microdochium nivale	Fungi	495	22.0	
O60844	O60844	Homo sapiens	Metazoa	167	16.0	
P38660	P38660	Mesocricetus auratus	Metazoa	439	19.0	
Q64385	Q64385	Mus musculus	Metazoa	432	23.0	
O43866	O43866	Homo sapiens	Metazoa	347	19.0	
P33487	P33487	Arabidopsis thaliana	Plants	198	33.0	
P0C8G7	P0C8G7	Pomacea canaliculata	Metazoa	286	30.0	
B9A8D7	B9A8D7	Crassostrea virginica	Metazoa	85	18.0	
Q3C258	Q3C258	Actinia equina	Metazoa	70	20.0	
O97939	O97939	Sus scrofa	Metazoa	1142	38.0	
Q9NZV1	Q9NZV1	Homo sapiens	Metazoa	1036	34.0	
P28039	P28039	Homo sapiens	Metazoa	575	23.0	
Q9BXJ7	Q9BXJ7	Homo sapiens	Metazoa	453	19.0	
A0A1W6EVN2	A0A1W6EVN2	Ampulex compressa	Metazoa	50	26.0	
P35578	P35578	Zootoca vivipara	Metazoa	172	21.0	
Q2PS07	Q2PS07	Fagopyrum esculentum	Plants	149	22.0	
P32358	P32358	Bombyx mori	Metazoa	579	15.0	
P13917	P13917	Glycine max	Plants	427	24.0	
Q27309	Q27309	Bombyx mori	Metazoa	1782	15.0	
P25291	P25291	Canis lupus familiaris	Metazoa	509	21.0	
Q9D6Y1	Q9D6Y1	Mus musculus	Metazoa	273	21.0	
Q9ERQ6	Q9ERQ6	Rattus norvegicus	Metazoa	571	30.0	
Q9Y2E5	Q9Y2E5	Homo sapiens	Metazoa	1009	23.0	
Q14002	Q14002	Homo sapiens	Metazoa	265	35.0	
Q6UW88	Q6UW88	Homo sapiens	Metazoa	154	22.0	
P54660	P54660	Dictyostelium discoideum	Other	143	22.0	
P18709	P18709	Xenopus laevis	Metazoa	1807	15.0	
Q8JFY4	Q8JFY4	Anguilla japonica	Metazoa	111	26.0	
Q27270	Q27270	Tenebrio molitor	Metazoa	96	18.0	
Q8I948	Q8I948	Acanthoscurria gomesiana	Metazoa	156	23.0	
Q8MMH0	Q8MMH0	Pimpla hypochondriaca	Metazoa	109	21.0	
Q86IV5	Q86IV5	Dictyostelium discoideum	Other	258	21.0	
P14217	P14217	Chlamydomonas reinhardtii	Plants	647	21.0	
P01168	P01168	Sus scrofa	Metazoa	116	24.0	
P07712	P07712	Aplysia californica	Metazoa	112	23.0	
P13598	P13598	Homo sapiens	Metazoa	275	24.0	
P19427	P19427	Bos taurus	Metazoa	201	18.0	
P07457	P07457	Zoarces americanus	Metazoa	87	22.0	
P55083	P55083	Homo sapiens	Metazoa	255	21.0	
Q6IV20	Q6IV20	Gallus gallus	Metazoa	104	22.0	
D3GDK4	D3GDK4	Cryptopygus antarcticus	Metazoa	225	15.0	
P00533	P00533	Homo sapiens	Metazoa	1210	24.0	
P02783	P02783	Rattus norvegicus	Metazoa	112	21.0	
A0A3N2PQC3	A0A3N2PQC3	Sodiomyces alkalinus (strain CBS 110278 / VKM F-3762 / F11)	Fungi	99	26.0	
P01830	P01830	Rattus norvegicus	Metazoa	161	19.0	
Q09022	Q09022	Xenopus laevis	Metazoa	84	18.0	
A1XCI9	A1XCI9	Fusarium culmorum	Fungi	191	18.0	
Q9BX59	Q9BX59	Homo sapiens	Metazoa	468	18.0	
P14630	P14630	Rattus norvegicus	Metazoa	190	17.0	
P15242	P15242	Rattus norvegicus	Metazoa	333	17.0	
P23142	P23142	Homo sapiens	Metazoa	703	29.0	
P31358	P31358	Homo sapiens	Metazoa	61	24.0	
P23389	P23389	Bos taurus	Metazoa	646	20.0	
P80370	P80370	Homo sapiens	Metazoa	383	23.0	
Q6UXH1	Q6UXH1	Homo sapiens	Metazoa	353	24.0	
P81605	P81605	Homo sapiens	Metazoa	110	19.0	
F1RRV3	F1RRV3	Sus scrofa	Metazoa	2692	19.0	
Q96HF1	Q96HF1	Homo sapiens	Metazoa	295	24.0	
F1NSM7	F1NSM7	Gallus gallus	Metazoa	743	18.0	
I2C090	I2C090	Ophiophagus hannah	Metazoa	1641	22.0	
P86407	P86407	Mesobuthus eupeus	Metazoa	75	22.0	
P13686	P13686	Homo sapiens	Metazoa	325	21.0	
P12872	P12872	Homo sapiens	Metazoa	115	25.0	
P30121	P30121	Rattus norvegicus	Metazoa	220	26.0	
Q8VCS0	Q8VCS0	Mus musculus	Metazoa	530	22.0	
O43852	O43852	Homo sapiens	Metazoa	315	19.0	
O62680	O62680	Sus scrofa	Metazoa	123	25.0	
P67861	P67861	Daboia russelii	Metazoa	144	24.0	
Q01460	Q01460	Rattus norvegicus	Metazoa	367	23.0	
P42292	P42292	Gallus gallus	Metazoa	588	33.0	
Q9TY95	Q9TY95	Plasmodium falciparum (isolate 3D7)	Other	997	22.0	
P18650	P18650	Sus scrofa	Metazoa	317	18.0	
Q13478	Q13478	Homo sapiens	Metazoa	541	18.0	
P01350	P01350	Homo sapiens	Metazoa	101	21.0	
P42264	P42264	Rattus norvegicus	Metazoa	919	31.0	
Q52085	Q52085	Heterostelium pallidum	Other	320	19.0	
Q556R7	Q556R7	Dictyostelium discoideum	Other	303	24.0	
Q9BZR6	Q9BZR6	Homo sapiens	Metazoa	473	26.0	
Q6UXL0	Q6UXL0	Homo sapiens	Metazoa	311	29.0	
P08796	P08796	Dictyostelium discoideum	Other	514	19.0	
P50448	P50448	Bos taurus	Metazoa	468	23.0	
Q92154	Q92154	Coturnix japonica	Metazoa	620	17.0	
Q7Q7R8	Q7Q7R8	Anopheles gambiae	Metazoa	89	29.0	
Q96IQ7	Q96IQ7	Homo sapiens	Metazoa	327	23.0	
Q99ML8	Q99ML8	Mus musculus	Metazoa	113	23.0	
P23438	P23438	Canis lupus familiaris	Metazoa	183	17.0	
Q653V7	Q653V7	Oryza sativa subsp. japonica	Plants	885	33.0	
P0DUS8	P0DUS8	Doratifera vulnerans	Metazoa	59	17.0	
P01500	P01500	Apis mellifera	Metazoa	46	27.0	
P22301	P22301	Homo sapiens	Metazoa	178	18.0	
P45561	P45561	Sus scrofa	Metazoa	189	16.0	
O18330	O18330	Apis mellifera	Metazoa	432	19.0	
Q5XM24	Q5XM24	Dictyostelium discoideum	Other	494	18.0	
Q6UXK5	Q6UXK5	Homo sapiens	Metazoa	716	25.0	
Q99435	Q99435	Homo sapiens	Metazoa	816	21.0	
Q17128	Q17128	Blaberus discoidalis	Metazoa	72	21.0	
Q9UBT3	Q9UBT3	Homo sapiens	Metazoa	224	18.0	
A1X159	A1X159	Perna viridis	Metazoa	431	20.0	
P51654	P51654	Homo sapiens	Metazoa	580	24.0	
Q76BW5	Q76BW5	Oryza sativa subsp. japonica	Plants	290	25.0	
P22748	P22748	Homo sapiens	Metazoa	312	18.0	
P0C8G6	P0C8G6	Pomacea canaliculata	Metazoa	565	26.0	
Q6QD51	Q6QD51	Rattus norvegicus	Metazoa	949	27.0	
O46654	O46654	Sorex araneus	Metazoa	147	20.0	
Q27908	Q27908	Pinctada fucata	Metazoa	447	17.0	
Q92643	Q92643	Homo sapiens	Metazoa	395	27.0	
P01139	P01139	Mus musculus	Metazoa	241	18.0	
P06912	P06912	Oryctolagus cuniculus	Metazoa	201	18.0	
P43077	P43077	Candida albicans	Fungi	562	22.0	
P06028	P06028	Homo sapiens	Metazoa	91	19.0	
P08887	P08887	Homo sapiens	Metazoa	468	19.0	
Q17058	Q17058	Apis mellifera	Metazoa	567	17.0	
Q0P569	Q0P569	Bos taurus	Metazoa	474	24.0	
P04217	P04217	Homo sapiens	Metazoa	495	21.0	
P15289	P15289	Homo sapiens	Metazoa	507	18.0	
P23577	P23577	Chlamydomonas reinhardtii	Plants	317	31.0	
P27919	P27919	Avena sativa	Plants	214	28.0	
O76192	O76192	Galleria mellonella	Metazoa	167	17.0	
P29459	P29459	Homo sapiens	Metazoa	219	22.0	
P18428	P18428	Homo sapiens	Metazoa	481	25.0	
Q6UXB2	Q6UXB2	Homo sapiens	Metazoa	119	21.0	
P14384	P14384	Homo sapiens	Metazoa	443	17.0	
Q8MI01	Q8MI01	Bos taurus	Metazoa	330	23.0	
P81058	P81058	Penaeus vannamei	Metazoa	82	19.0	
Q0ZS88	Q0ZS88	Phlebotomus perniciosus	Metazoa	388	18.0	
Q8WQK0	Q8WQK0	Cotesia rubecula	Metazoa	65	23.0	
P0DPU8	P0DPU8	Scolopendra dehaani	Metazoa	105	24.0	
P02230	P02230	Chironomus thummi thummi	Metazoa	151	15.0	
P58912	P58912	Phyllodiscus semoni	Metazoa	488	21.0	
P43307	P43307	Homo sapiens	Metazoa	286	18.0	
Q13162	Q13162	Homo sapiens	Metazoa	271	37.0	
Q9BQ51	Q9BQ51	Homo sapiens	Metazoa	273	19.0	
Q9C9H5	Q9C9H5	Arabidopsis thaliana	Plants	484	21.0	
P48819	P48819	Sus scrofa	Metazoa	459	19.0	
P02727	P02727	Canis lupus familiaris	Metazoa	129	17.0	
P02810	P02810	Homo sapiens	Metazoa	166	16.0	
P26203	P26203	Oryctolagus cuniculus	Metazoa	137	20.0	
Q76FB0	Q76FB0	Cyanidium caldarium	Other	155	20.0	
Q02862	Q02862	Mus musculus	Metazoa	184	15.0	
Q9UBP4	Q9UBP4	Homo sapiens	Metazoa	350	21.0	
Q08481	Q08481	Mus musculus	Metazoa	727	17.0	
Q9NPF0	Q9NPF0	Homo sapiens	Metazoa	282	35.0	
P86929	P86929	Metaphire guillelmi	Metazoa	73	14.0	
P80513	P80513	Bos taurus	Metazoa	179	21.0	
P80964	P80964	Sus scrofa	Metazoa	130	25.0	
P0DUT6	P0DUT6	Doratifera vulnerans	Metazoa	66	20.0	
Q8N766	Q8N766	Homo sapiens	Metazoa	993	22.0	
Q28989	Q28989	Sus scrofa	Metazoa	421	26.0	
Q76CE8	Q76CE8	Typhula ishikariensis	Fungi	243	20.0	
Q01528	Q01528	Limulus polyphemus	Metazoa	172	19.0	
Q01129	Q01129	Rattus norvegicus	Metazoa	354	16.0	
Q8L9T8	Q8L9T8	Arabidopsis thaliana	Plants	63	27.0	
Q76CA2	Q76CA2	Monoplex parthenopeus	Metazoa	275	23.0	
Q96PL1	Q96PL1	Homo sapiens	Metazoa	93	21.0	
Q9NPA0	Q9NPA0	Homo sapiens	Metazoa	242	23.0	
Q868Z9	Q868Z9	Drosophila melanogaster	Metazoa	2898	26.0	
Q9NBW4	Q9NBW4	Theromyzon tessulatum	Metazoa	101	19.0	
Q8NBL1	Q8NBL1	Homo sapiens	Metazoa	392	23.0	
P49259	P49259	Bos taurus	Metazoa	1463	20.0	
C0HKG0	C0HKG0	Clitoria ternatea	Plants	117	25.0	
O75462	O75462	Homo sapiens	Metazoa	422	37.0	
Q90W22	Q90W22	Aquarana catesbeiana	Metazoa	114	24.0	
P31608	P31608	Sagittaria sagittifolia	Plants	181	24.0	
Q9NRM6	Q9NRM6	Homo sapiens	Metazoa	502	17.0	
P31420	P31420	Manduca sexta	Metazoa	274	18.0	
P19801	P19801	Homo sapiens	Metazoa	751	19.0	
P81511	P81511	Hirudo medicinalis	Metazoa	81	15.0	
P23502	P23502	Entamoeba histolytica (strain ATCC 30459 / HM-1:IMSS / ABRM)	Other	1286	15.0	
P53616	P53616	Saccharomyces cerevisiae (strain ATCC 204508 / S288c)	Fungi	420	24.0	
Q95NY5	Q95NY5	Anopheles stephensi	Metazoa	315	18.0	
Q01584	Q01584	Rhinella marina	Metazoa	183	20.0	
Q9Y5U5	Q9Y5U5	Homo sapiens	Metazoa	241	25.0	
Q13651	Q13651	Homo sapiens	Metazoa	578	21.0	
P29241	P29241	Aplysia californica	Metazoa	282	24.0	
P20462	P20462	Notamacropus eugenii	Metazoa	176	18.0	
B3STN7	B3STN7	Nosema bombycis (strain CQ1 / CVCC 102059)	Fungi	316	18.0	
P23515	P23515	Homo sapiens	Metazoa	440	24.0	
O42720	O42720	Ajellomyces capsulatus (strain G186AR / H82 / ATCC MYA-2454 / RMSCC 2432)	Fungi	110	32.0	
Q9UHF4	Q9UHF4	Homo sapiens	Metazoa	553	29.0	
Q9GU69	Q9GU69	Lymnaea stagnalis	Metazoa	64	21.0	
A0A0D1DWQ2	A0A0D1DWQ2	Mycosarcoma maydis	Fungi	290	21.0	
Q6ASY2	Q6ASY2	Oryza sativa subsp. japonica	Plants	178	26.0	
P02750	P02750	Homo sapiens	Metazoa	347	35.0	
P19320	P19320	Homo sapiens	Metazoa	739	24.0	
M1MR49	M1MR49	Rhipicephalus appendiculatus	Metazoa	176	24.0	
P02870	P02870	Lens culinaris	Plants	275	30.0	
Q5ZPR3	Q5ZPR3	Homo sapiens	Metazoa	534	28.0	
P31723	P31723	Penicillium citrinum	Fungi	511	35.0	
P45478	P45478	Bos taurus	Metazoa	306	27.0	
Q9N4D8	Q9N4D8	Caenorhabditis elegans	Metazoa	123	17.0	
Q78CF9	Q78CF9	Notechis ater	Metazoa	200	19.0	
Q5PP12	Q5PP12	Arabidopsis thaliana	Plants	69	25.0	
Q5AMT2	Q5AMT2	Candida albicans (strain SC5314 / ATCC MYA-2876)	Fungi	308	18.0	
Q9TT95	Q9TT95	Sus scrofa	Metazoa	120	22.0	
Q60GF7	Q60GF7	Rattus norvegicus	Metazoa	252	22.0	
Q08380	Q08380	Homo sapiens	Metazoa	585	18.0	
B3STN5	B3STN5	Nosema bombycis (strain CQ1 / CVCC 102059)	Fungi	278	19.0	
P14625	P14625	Homo sapiens	Metazoa	803	21.0	
Q9SUQ8	Q9SUQ8	Arabidopsis thaliana	Plants	187	29.0	
P11919	P11919	Manduca sexta	Metazoa	88	26.0	
P10813	P10813	Aquarana catesbeiana	Metazoa	215	25.0	
O35806	O35806	Rattus norvegicus	Metazoa	1764	35.0	
Q9ES58	Q9ES58	Rattus norvegicus	Metazoa	327	23.0	
P81160	P81160	Drosophila melanogaster	Metazoa	54	21.0	
P54803	P54803	Homo sapiens	Metazoa	685	42.0	
G4ZHR2	G4ZHR2	Phytophthora sojae (strain P6497)	Other	241	19.0	
P0DPU3	P0DPU3	Scolopendra dehaani	Metazoa	577	25.0	
P20112	P20112	Sus scrofa	Metazoa	300	17.0	
P11215	P11215	Homo sapiens	Metazoa	1152	16.0	
P35613	P35613	Homo sapiens	Metazoa	385	21.0	
P01538	P01538	Viscum album	Plants	111	26.0	
O95633	O95633	Homo sapiens	Metazoa	263	26.0	
Q86YL7	Q86YL7	Homo sapiens	Metazoa	162	22.0	
P04937	P04937	Rattus norvegicus	Metazoa	2477	24.0	
Q02126	Q02126	Hordeum vulgare	Plants	330	25.0	
Q9Y251	Q9Y251	Homo sapiens	Metazoa	543	35.0	
P01579	P01579	Homo sapiens	Metazoa	166	23.0	
P15196	P15196	Oryctolagus cuniculus	Metazoa	398	31.0	
A0A8T9EMC0	A0A8T9EMC0	Heliotropium indicum	Plants	661	20.0	
P81295	P81295	Juniperus ashei	Plants	225	26.0	
Q6IWZ0	Q6IWZ0	Aplysia californica	Metazoa	535	18.0	
Q9UAD0	Q9UAD0	Olivierus martensii	Metazoa	59	24.0	
P0DUS7	P0DUS7	Doratifera vulnerans	Metazoa	56	19.0	
Q9ZT66	Q9ZT66	Zea mays	Plants	303	43.0	
Q9H7M9	Q9H7M9	Homo sapiens	Metazoa	311	32.0	
Q7M418	Q7M418	Oligobrachia mashikoi	Metazoa	163	16.0	
Q969Z4	Q969Z4	Homo sapiens	Metazoa	430	25.0	
P21128	P21128	Homo sapiens	Metazoa	410	18.0	
P86100	P86100	Olivierus martensii	Metazoa	410	25.0	
P18684	P18684	Protophormia terraenovae	Metazoa	101	18.0	
P28798	P28798	Mus musculus	Metazoa	589	17.0	
P24021	P24021	Aspergillus oryzae (strain ATCC 42149 / RIB 40)	Fungi	287	20.0	
P0DSJ6	P0DSJ6	Myrmecia gulosa	Metazoa	62	24.0	
P13612	P13612	Homo sapiens	Metazoa	1032	33.0	
P55203	P55203	Bos taurus	Metazoa	1110	56.0	
P48816	P48816	Bombyx mori	Metazoa	137	18.0	
Q8NBM8	Q8NBM8	Homo sapiens	Metazoa	494	22.0	
I3LGZ3	I3LGZ3	Sus scrofa	Metazoa	81	24.0	
P91745	P91745	Lucilia cuprina	Metazoa	375	20.0	
P42579	P42579	Lymnaea stagnalis	Metazoa	100	23.0	
P19400	P19400	Ascaris suum	Metazoa	169	20.0	
Q9H1M4	Q9H1M4	Homo sapiens	Metazoa	99	20.0	
Q9JI59	Q9JI59	Mus musculus	Metazoa	298	28.0	
P47710	P47710	Homo sapiens	Metazoa	185	15.0	
Q6GU94	Q6GU94	Centruroides limpidus	Metazoa	56	24.0	
P43497	P43497	Saccharomyces cerevisiae (strain ATCC 204508 / S288c)	Fungi	92	20.0	
P01888	P01888	Bos taurus	Metazoa	118	20.0	
F1N5C8	F1N5C8	Bos taurus	Metazoa	445	22.0	
P18417	P18417	Catharanthus roseus	Plants	352	31.0	
P50895	P50895	Homo sapiens	Metazoa	628	31.0	
Q9UKZ9	Q9UKZ9	Homo sapiens	Metazoa	415	23.0	
Q71DJ5	Q71DJ5	Arabidopsis thaliana	Plants	393	20.0	
Q7M4T0	Q7M4T0	Neurospora crassa (strain ATCC 24698 / 74-OR23-1A / CBS 708.71 / DSM 1257 / FGSC 987)	Fungi	480	17.0	
Q8NBJ9	Q8NBJ9	Homo sapiens	Metazoa	832	18.0	
Q41015	Q41015	Pisum sativum	Plants	217	26.0	
Q63617	Q63617	Rattus norvegicus	Metazoa	999	32.0	
Q4V645	Q4V645	Drosophila melanogaster	Metazoa	108	29.0	
P69770	P69770	Conus marmoreus	Metazoa	94	25.0	
Q9Z0L3	Q9Z0L3	Mus musculus	Metazoa	485	17.0	
Q8C1Q4	Q8C1Q4	Mus musculus	Metazoa	291	21.0	
P07507	P07507	Bos taurus	Metazoa	103	19.0	
Q08334	Q08334	Homo sapiens	Metazoa	325	19.0	
P52823	P52823	Homo sapiens	Metazoa	247	17.0	
P07897	P07897	Rattus norvegicus	Metazoa	2124	19.0	
Q5KQS1	Q5KQS1	Gloydius blomhoffii	Metazoa	324	19.0	
P0DPU7	P0DPU7	Scolopendra dehaani	Metazoa	78	25.0	
O42807	O42807	Aspergillus niger	Fungi	281	21.0	
Q01965	Q01965	Mus musculus	Metazoa	654	47.0	
Q8MMJ7	Q8MMJ7	Opisthacanthus madagascariensis	Metazoa	68	23.0	
Q39962	Q39962	Hevea brasiliensis	Plants	238	31.0	
C0H9B6	C0H9B6	Salmo salar	Metazoa	413	19.0	
Q64HC7	Q64HC7	Armadillidium vulgare	Metazoa	73	19.0	
Q9VA83	Q9VA83	Drosophila melanogaster	Metazoa	227	19.0	
Q62632	Q62632	Rattus norvegicus	Metazoa	306	18.0	
Q9UVI4	Q9UVI4	Claviceps fusiformis	Fungi	394	16.0	
P01833	P01833	Homo sapiens	Metazoa	764	18.0	
W1I921	W1I921	Achatina achatina	Metazoa	184	26.0	
O46432	O46432	Felis catus	Metazoa	1007	50.0	
P11911	P11911	Mus musculus	Metazoa	220	28.0	
P22455	P22455	Homo sapiens	Metazoa	802	21.0	
P02663	P02663	Bos taurus	Metazoa	222	15.0	
P0DJI8	P0DJI8	Homo sapiens	Metazoa	122	18.0	
B0XRV0	B0XRV0	Aspergillus fumigatus (strain CBS 144.89 / FGSC A1163 / CEA10)	Fungi	721	18.0	
P81702	P81702	Ceratocystis fimbriata f. sp. platani	Fungi	134	14.0	
Q9BWV1	Q9BWV1	Homo sapiens	Metazoa	1114	30.0	
Q9NR16	Q9NR16	Homo sapiens	Metazoa	1453	40.0	
P11438	P11438	Mus musculus	Metazoa	406	24.0	
P83234	P83234	Ophiophagus hannah	Metazoa	190	20.0	
Q99972	Q99972	Homo sapiens	Metazoa	504	32.0	
P43174	P43174	Ambrosia psilostachya	Plants	77	22.0	
C5P3X6	C5P3X6	Coccidioides posadasii (strain C735)	Fungi	276	18.0	
O75711	O75711	Homo sapiens	Metazoa	98	20.0	
A0A7J6K7I9	A0A7J6K7I9	Toxoplasma gondii	Other	553	64.0	
Q96DU3	Q96DU3	Homo sapiens	Metazoa	332	21.0	
Q15762	Q15762	Homo sapiens	Metazoa	336	18.0	
P18418	P18418	Rattus norvegicus	Metazoa	416	17.0	
Q5B1W7	Q5B1W7	Emericella nidulans (strain FGSC A4 / ATCC 38163 / CBS 112.46 / NRRL 194 / M139)	Fungi	385	18.0	
P00688	P00688	Mus musculus	Metazoa	508	15.0	
P80915	P80915	Macadamia integrifolia	Plants	102	26.0	
Q01638	Q01638	Homo sapiens	Metazoa	556	18.0	
Q9HE18	Q9HE18	Talaromyces funiculosus	Fungi	353	18.0	
Q42502	Q42502	Solanum tuberosum	Plants	386	23.0	
Q9NJP7	Q9NJP7	Olivierus martensii	Metazoa	56	28.0	
P00996	P00996	Bos taurus	Metazoa	79	23.0	
P07529	P07529	Naganishia albida	Fungi	332	21.0	
Q28143	Q28143	Bos taurus	Metazoa	456	35.0	
P43652	P43652	Homo sapiens	Metazoa	599	21.0	
Q8RUW5	Q8RUW5	Arabidopsis thaliana	Plants	433	19.0	
Q8ISL8	Q8ISL8	Apis mellifera	Metazoa	78	24.0	
P07981	P07981	Trichoderma reesei	Fungi	459	22.0	
P30440	P30440	Felis catus	Metazoa	109	17.0	
P13691	P13691	Hordeum vulgare	Plants	152	30.0	
O64392	O64392	Triticum aestivum	Plants	146	21.0	
O35310	O35310	Mus musculus	Metazoa	311	20.0	
P05160	P05160	Homo sapiens	Metazoa	661	20.0	
P32472	P32472	Saccharomyces cerevisiae (strain ATCC 204508 / S288c)	Fungi	135	17.0	
E0D877	E0D877	Aedes albopictus	Metazoa	564	25.0	
Q14802	Q14802	Homo sapiens	Metazoa	87	20.0	
P07204	P07204	Homo sapiens	Metazoa	575	18.0	
Q9H9K5	Q9H9K5	Homo sapiens	Metazoa	563	26.0	
P80109	P80109	Bos taurus	Metazoa	839	23.0	
Q8T113	Q8T113	Bombyx mori	Metazoa	227	17.0	
P00635	P00635	Saccharomyces cerevisiae (strain ATCC 204508 / S288c)	Fungi	467	17.0	
P22063	P22063	Rattus norvegicus	Metazoa	1040	30.0	
